year,month,County,BI_mean,BI_max,surveys
2010,1,南投縣,0.39285714285714285,4.0,56
2010,1,嘉義市,0.03415841584158416,0.666,101
2010,1,嘉義縣,0.0,0.0,55
2010,1,基隆市,1.0,4.0,12
2010,1,宜蘭縣,0.16904166666666667,5.555,96
2010,1,屏東縣,1.9603695652173911,10.0,46
2010,1,彰化縣,0.8938750000000001,8.0,80
2010,1,新北市,0.15384615384615385,4.0,91
2010,1,新竹市,0.07407407407407407,2.0,27
2010,1,新竹縣,0.4167741935483871,6.0,62
2010,1,桃園市,0.3122156862745098,4.0,51
2010,1,澎湖縣,0.15871428571428572,3.333,21
2010,1,臺中市,0.902646017699115,16.666,113
2010,1,臺北市,0.8821833333333333,4.477,60
2010,1,臺南市,1.1514300518134715,22.0,193
2010,1,臺東縣,2.2615333333333334,10.0,15
2010,1,花蓮縣,0.11764705882352941,2.0,68
2010,1,苗栗縣,3.515151515151515,8.0,33
2010,1,連江縣,0.0,0.0,5
2010,1,金門縣,0.0,0.0,4
2010,1,雲林縣,0.9469220779220778,8.333,77
2010,1,高雄市,1.307985324947589,18.0,477
2010,2,南投縣,0.6885245901639344,6.0,61
2010,2,嘉義市,0.17698039215686273,2.5,102
2010,2,嘉義縣,0.031913793103448274,1.851,58
2010,2,基隆市,0.3448275862068966,4.0,29
2010,2,宜蘭縣,0.3299569892473118,7.272,93
2010,2,屏東縣,1.0154583333333334,2.941,24
2010,2,彰化縣,1.338972972972973,6.0,74
2010,2,新北市,0.35514018691588783,20.0,107
2010,2,新竹市,0.51375,1.96,28
2010,2,新竹縣,0.5907142857142857,6.0,63
2010,2,桃園市,0.4595128205128205,4.0,39
2010,2,澎湖縣,0.0,0.0,30
2010,2,臺中市,0.858295918367347,4.615,98
2010,2,臺北市,0.7548548387096774,4.0,62
2010,2,臺南市,2.320184971098266,46.153,346
2010,2,臺東縣,2.5013571428571426,8.064,28
2010,2,花蓮縣,0.07792207792207792,4.0,77
2010,2,苗栗縣,3.4978055555555554,6.0,36
2010,2,連江縣,0.0,0.0,2
2010,2,金門縣,0.0,0.0,4
2010,2,雲林縣,0.6586219512195122,4.0,82
2010,2,高雄市,1.3257047970479705,14.0,813
2010,3,南投縣,1.186,10.0,68
2010,3,嘉義市,0.3125,3.75,28
2010,3,嘉義縣,0.04830434782608696,3.333,69
2010,3,基隆市,0.6666666666666666,2.0,3
2010,3,宜蘭縣,0.1538425925925926,2.0,108
2010,3,屏東縣,1.2812218649517684,7.407,311
2010,3,彰化縣,1.5877692307692308,6.0,78
2010,3,新北市,0.23809523809523808,6.0,126
2010,3,新竹市,0.06666666666666667,2.0,30
2010,3,新竹縣,0.5537500000000001,6.0,60
2010,3,桃園市,0.07825,4.04,320
2010,3,澎湖縣,0.0,0.0,21
2010,3,臺中市,1.3801491228070175,8.928,114
2010,3,臺北市,1.3605744680851064,8.0,94
2010,3,臺南市,2.2934709543568466,15.0,964
2010,3,臺東縣,2.1560738461538462,40.0,325
2010,3,花蓮縣,0.2857142857142857,4.0,77
2010,3,苗栗縣,3.085714285714286,8.0,35
2010,3,連江縣,0.0,0.0,5
2010,3,金門縣,0.0,0.0,4
2010,3,雲林縣,0.7032345679012346,4.0,81
2010,3,高雄市,1.2975552128315855,22.222,1621
2010,4,南投縣,0.9107714285714286,8.0,70
2010,4,嘉義市,0.18871212121212122,3.75,132
2010,4,嘉義縣,0.0,0.0,67
2010,4,基隆市,1.7241379310344827,8.0,29
2010,4,宜蘭縣,0.19955445544554457,2.0,101
2010,4,屏東縣,2.299827830188679,29.85,424
2010,4,彰化縣,1.6914096385542168,8.0,83
2010,4,新北市,0.4117647058823529,5.0,119
2010,4,新竹市,1.2221071428571428,8.0,28
2010,4,新竹縣,0.5247213114754099,3.846,61
2010,4,桃園市,0.07948640483383687,4.04,331
2010,4,澎湖縣,0.1759047619047619,2.0,21
2010,4,臺中市,1.6216272727272727,9.259,110
2010,4,臺北市,1.553267515923567,8.0,157
2010,4,臺南市,2.1291061678463095,21.568,989
2010,4,臺東縣,1.5401476725521668,18.0,623
2010,4,花蓮縣,0.40476190476190477,4.0,84
2010,4,苗栗縣,3.736842105263158,16.0,38
2010,4,連江縣,0.0,0.0,5
2010,4,金門縣,0.0,0.0,3
2010,4,雲林縣,0.8599375,4.0,80
2010,4,高雄市,1.5714193011647255,21.428,1202
2010,5,南投縣,0.984,10.344,77
2010,5,嘉義市,0.15732727272727273,3.75,220
2010,5,嘉義縣,0.027311475409836063,1.666,61
2010,5,基隆市,1.3126341463414635,6.0,41
2010,5,宜蘭縣,0.13424489795918368,3.448,98
2010,5,屏東縣,3.1916018306636156,33.333,437
2010,5,彰化縣,1.8729239130434783,8.0,92
2010,5,新北市,0.36581578947368426,8.0,114
2010,5,新竹市,1.4174642857142856,6.0,28
2010,5,新竹縣,0.51555,3.921,60
2010,5,桃園市,0.10811254019292604,6.0,311
2010,5,澎湖縣,0.26666666666666666,2.0,15
2010,5,臺中市,1.5281538461538462,6.0,117
2010,5,臺北市,1.7145176470588237,12.0,170
2010,5,臺南市,2.6641935840707966,22.95,904
2010,5,臺東縣,1.9308837579617835,27.0,628
2010,5,花蓮縣,0.1328888888888889,4.0,90
2010,5,苗栗縣,3.7986666666666666,14.0,30
2010,5,連江縣,0.0,0.0,5
2010,5,金門縣,0.6,3.0,5
2010,5,雲林縣,0.8944146341463415,4.0,82
2010,5,高雄市,3.9642255574614067,77.222,1166
2010,6,南投縣,1.31088,10.0,75
2010,6,嘉義市,0.19734905660377358,3.75,212
2010,6,嘉義縣,0.02525,1.818,72
2010,6,基隆市,2.149,20.0,40
2010,6,宜蘭縣,0.11606481481481482,3.448,108
2010,6,屏東縣,8.068074380165289,123.364,484
2010,6,彰化縣,2.1849147286821706,18.0,129
2010,6,新北市,0.31521739130434784,4.0,184
2010,6,新竹市,1.5504193548387097,8.0,31
2010,6,新竹縣,0.8147241379310345,7.843,58
2010,6,桃園市,0.0967741935483871,6.0,310
2010,6,澎湖縣,0.4781111111111111,4.0,27
2010,6,臺中市,2.6766470588235296,16.666,119
2010,6,臺北市,2.1615952380952383,32.0,168
2010,6,臺南市,4.302905788876277,30.0,881
2010,6,臺東縣,2.3745820105820106,38.461,567
2010,6,花蓮縣,0.047619047619047616,2.0,84
2010,6,苗栗縣,4.213038461538462,10.0,52
2010,6,金門縣,0.0,0.0,4
2010,6,雲林縣,1.3391794871794873,8.0,78
2010,6,高雄市,9.328914590747331,82.0,1405
2010,7,南投縣,1.391304347826087,6.0,69
2010,7,嘉義市,0.15160669456066947,3.75,239
2010,7,嘉義縣,0.07486486486486486,1.923,74
2010,7,基隆市,1.2,4.0,35
2010,7,宜蘭縣,0.14928865979381442,3.333,97
2010,7,屏東縣,3.534946611909651,19.047,487
2010,7,彰化縣,2.0427857142857144,14.0,126
2010,7,新北市,0.5560231213872833,6.0,173
2010,7,新竹市,1.5314615384615384,8.0,26
2010,7,新竹縣,0.5591186440677967,6.0,59
2010,7,桃園市,0.15895049504950495,8.0,303
2010,7,澎湖縣,0.6940999999999999,5.882,20
2010,7,臺中市,2.294692857142857,10.0,140
2010,7,臺北市,2.1048564102564105,10.0,195
2010,7,臺南市,4.5707294797687865,48.333,865
2010,7,臺東縣,1.932204355108878,28.0,597
2010,7,花蓮縣,0.075,2.0,80
2010,7,苗栗縣,4.113636363636363,16.0,44
2010,7,連江縣,0.8,2.0,5
2010,7,金門縣,1.054,1.538,4
2010,7,雲林縣,0.8890246913580246,6.0,81
2010,7,高雄市,6.6084130893736805,60.0,1421
2010,8,南投縣,1.3496029411764705,8.0,68
2010,8,嘉義市,0.12295278969957081,3.75,233
2010,8,嘉義縣,0.0,0.0,86
2010,8,基隆市,1.265439024390244,4.0,41
2010,8,宜蘭縣,0.42302884615384617,17.307,104
2010,8,屏東縣,4.128323943661972,30.699,497
2010,8,彰化縣,2.2089366197183096,14.0,142
2010,8,新北市,0.6710671641791045,8.0,134
2010,8,新竹市,1.832103448275862,8.0,29
2010,8,新竹縣,0.6248032786885246,9.523,61
2010,8,桃園市,0.11245890410958904,4.838,292
2010,8,澎湖縣,0.8267916666666667,6.0,24
2010,8,臺中市,2.8447537313432836,16.0,134
2010,8,臺北市,2.1342731277533042,12.0,227
2010,8,臺南市,6.238259083728279,56.666,633
2010,8,臺東縣,2.3504254237288134,53.846,590
2010,8,花蓮縣,0.06976744186046512,4.0,86
2010,8,苗栗縣,3.673469387755102,8.0,49
2010,8,連江縣,1.0,4.0,4
2010,8,金門縣,1.6347999999999998,1.818,5
2010,8,雲林縣,0.7938375,4.0,80
2010,8,高雄市,10.939300538047656,74.0,1301
2010,9,南投縣,1.6877014925373133,8.0,67
2010,9,嘉義市,0.2333850267379679,5.0,187
2010,9,嘉義縣,0.0,0.0,83
2010,9,基隆市,1.380952380952381,26.0,42
2010,9,宜蘭縣,0.4351826923076923,8.333,104
2010,9,屏東縣,5.181136585365854,42.452,205
2010,9,彰化縣,2.400232,15.0,125
2010,9,新北市,0.38271604938271603,10.0,162
2010,9,新竹市,2.24840625,6.0,32
2010,9,新竹縣,0.9777118644067797,9.433,59
2010,9,桃園市,0.5569661016949152,16.901,59
2010,9,澎湖縣,0.7385714285714285,4.0,21
2010,9,臺中市,3.0266030534351147,14.0,131
2010,9,臺北市,1.4866219512195122,8.0,164
2010,9,臺南市,8.353395807644883,137.254,811
2010,9,臺東縣,2.421026229508197,68.0,305
2010,9,花蓮縣,0.0,0.0,85
2010,9,苗栗縣,4.121791666666667,8.0,48
2010,9,連江縣,0.0,0.0,4
2010,9,金門縣,0.8009999999999999,1.666,4
2010,9,雲林縣,1.0667682926829267,4.0,82
2010,9,高雄市,12.372758241758243,61.458,91
2010,10,南投縣,1.4848484848484849,8.0,66
2010,10,嘉義市,0.32894736842105265,2.5,19
2010,10,嘉義縣,0.023255813953488372,2.0,86
2010,10,基隆市,1.7182790697674417,18.0,43
2010,10,宜蘭縣,0.757980198019802,15.686,101
2010,10,屏東縣,7.407547826086957,68.0,230
2010,10,彰化縣,1.1232,8.0,125
2010,10,新北市,0.449438202247191,10.0,178
2010,10,新竹市,2.0076774193548386,6.0,31
2010,10,新竹縣,0.9737966101694915,8.0,59
2010,10,桃園市,0.5217391304347826,8.0,46
2010,10,澎湖縣,0.16025,1.923,24
2010,10,臺中市,1.9457714285714287,8.0,105
2010,10,臺北市,1.8450808823529412,12.0,136
2010,10,臺南市,4.946133237822349,59.09,698
2010,10,臺東縣,1.7979999999999998,23.529,73
2010,10,花蓮縣,0.3466666666666667,6.0,75
2010,10,苗栗縣,3.2699574468085104,10.0,47
2010,10,連江縣,0.0,0.0,4
2010,10,金門縣,0.25971428571428573,1.818,7
2010,10,雲林縣,0.6989375,4.0,80
2010,10,高雄市,10.599992366412213,80.0,1048
2010,11,南投縣,1.1343283582089552,4.0,67
2010,11,嘉義市,0.21739130434782608,3.75,23
2010,11,嘉義縣,0.35924175824175825,3.846,91
2010,11,基隆市,0.5,2.0,4
2010,11,宜蘭縣,0.4761546391752577,14.285,97
2010,11,屏東縣,8.057201086956523,48.148,368
2010,11,彰化縣,0.9241138211382114,6.0,123
2010,11,新北市,1.3048920245398774,85.714,815
2010,11,新竹市,1.8820000000000001,6.0,70
2010,11,新竹縣,0.8232142857142858,8.064,56
2010,11,桃園市,0.2836741573033708,7.547,356
2010,11,澎湖縣,0.34447826086956523,4.0,23
2010,11,臺中市,1.4721052631578946,5.66,114
2010,11,臺北市,1.071145,12.0,200
2010,11,臺南市,4.872333333333333,118.333,846
2010,11,臺東縣,2.3840615384615385,18.0,65
2010,11,花蓮縣,0.05063291139240506,2.0,79
2010,11,苗栗縣,2.8163863636363633,8.0,44
2010,11,金門縣,1.2347142857142859,3.658,7
2010,11,雲林縣,0.5465731707317073,4.0,82
2010,11,高雄市,6.4047821180555555,55.0,1152
2010,12,南投縣,0.5633802816901409,10.0,71
2010,12,嘉義市,0.5434782608695652,3.75,23
2010,12,嘉義縣,0.0,0.0,75
2010,12,基隆市,1.0,2.0,4
2010,12,宜蘭縣,0.2169252336448598,6.0,107
2010,12,屏東縣,5.5810707964601765,41.818,339
2010,12,彰化縣,0.6186623376623377,6.0,77
2010,12,新北市,0.40826356589147283,6.666,129
2010,12,新竹市,1.4321666666666668,6.0,90
2010,12,新竹縣,0.5757704918032787,4.0,61
2010,12,桃園市,0.1720739957716702,46.0,473
2010,12,澎湖縣,0.0,0.0,31
2010,12,臺中市,0.731607476635514,8.0,107
2010,12,臺北市,1.660842105263158,92.0,114
2010,12,臺南市,2.882662731871838,39.024,593
2010,12,臺東縣,2.216066666666667,18.0,45
2010,12,花蓮縣,0.0,0.0,68
2010,12,苗栗縣,2.074074074074074,8.0,27
2010,12,金門縣,0.19828571428571426,1.388,7
2010,12,雲林縣,0.6668205128205128,3.921,78
2010,12,高雄市,2.611895104895105,40.0,1287
2011,1,南投縣,0.38095238095238093,4.0,84
2011,1,嘉義市,0.39473684210526316,3.75,19
2011,1,嘉義縣,0.0,0.0,63
2011,1,基隆市,0.9664516129032258,14.0,31
2011,1,宜蘭縣,0.11041000000000001,2.0,100
2011,1,屏東縣,1.6888474576271186,8.0,118
2011,1,彰化縣,0.7390399999999999,6.0,75
2011,1,新北市,0.46558646616541355,6.0,133
2011,1,新竹市,1.68625,8.0,76
2011,1,新竹縣,0.39399999999999996,4.0,59
2011,1,桃園市,0.022099447513812154,4.0,362
2011,1,澎湖縣,0.05714285714285714,2.0,35
2011,1,臺中市,0.3950275229357798,3.846,109
2011,1,臺北市,0.508,8.0,190
2011,1,臺南市,0.36136405529953913,6.0,217
2011,1,臺東縣,2.7291499999999997,14.0,40
2011,1,花蓮縣,0.2077922077922078,8.0,77
2011,1,苗栗縣,2.0,4.0,26
2011,1,連江縣,0.0,0.0,4
2011,1,金門縣,0.0,0.0,7
2011,1,雲林縣,0.5335679012345679,4.0,81
2011,1,高雄市,2.1457271028037384,34.0,535
2011,2,南投縣,0.2857142857142857,4.0,84
2011,2,嘉義市,0.22727272727272727,1.25,22
2011,2,嘉義縣,0.0,0.0,61
2011,2,基隆市,0.46153846153846156,2.0,26
2011,2,宜蘭縣,0.19879775280898873,6.0,89
2011,2,屏東縣,1.1499418604651162,4.316,86
2011,2,彰化縣,0.8108108108108109,4.0,74
2011,2,新北市,0.419463768115942,10.0,138
2011,2,新竹市,0.9826271186440678,6.0,59
2011,2,新竹縣,0.3074754098360656,3.508,61
2011,2,桃園市,0.14148,2.0,225
2011,2,澎湖縣,0.0,0.0,23
2011,2,臺中市,0.711123595505618,7.407,89
2011,2,臺北市,0.16597191011235954,4.0,178
2011,2,臺南市,0.8917098039215686,13.725,510
2011,2,臺東縣,3.3684210526315788,32.0,57
2011,2,花蓮縣,0.06666666666666667,2.0,60
2011,2,苗栗縣,2.2857142857142856,6.0,28
2011,2,連江縣,0.0,0.0,5
2011,2,金門縣,0.9582857142857143,3.448,7
2011,2,雲林縣,0.6112048192771083,4.0,83
2011,2,高雄市,1.0657842931937171,34.0,955
2011,3,南投縣,0.5768837209302325,6.0,86
2011,3,嘉義市,0.5208333333333334,3.75,24
2011,3,嘉義縣,0.0,0.0,59
2011,3,基隆市,0.4827586206896552,4.0,29
2011,3,宜蘭縣,0.10089215686274511,2.0,102
2011,3,屏東縣,1.620804469273743,9.523,179
2011,3,彰化縣,0.7048076923076924,8.0,78
2011,3,新北市,0.7092042253521126,10.0,142
2011,3,新竹市,1.1781688311688312,6.0,77
2011,3,新竹縣,0.6239827586206897,4.0,58
2011,3,桃園市,0.04985337243401759,2.0,341
2011,3,澎湖縣,0.0,0.0,23
2011,3,臺中市,0.9670727272727273,5.555,110
2011,3,臺北市,0.23282716049382718,6.896,162
2011,3,臺南市,0.8775705368289638,16.0,801
2011,3,臺東縣,3.037301369863014,46.0,73
2011,3,花蓮縣,0.14285714285714285,4.0,56
2011,3,苗栗縣,2.915756756756757,8.0,37
2011,3,連江縣,0.0,0.0,4
2011,3,金門縣,0.2644285714285714,1.851,7
2011,3,雲林縣,0.459986301369863,4.0,73
2011,3,高雄市,1.3301877481565514,24.0,1763
2011,4,南投縣,0.6923076923076923,6.0,78
2011,4,嘉義市,0.3472222222222222,3.75,18
2011,4,嘉義縣,0.030265822784810128,1.785,79
2011,4,基隆市,0.7960999999999999,4.0,30
2011,4,宜蘭縣,0.17679166666666668,3.333,96
2011,4,屏東縣,2.447034722222222,9.677,144
2011,4,彰化縣,0.8996329113924051,6.0,79
2011,4,新北市,0.6474461538461539,20.0,130
2011,4,新竹市,1.3969605263157894,6.0,76
2011,4,新竹縣,0.4406129032258065,4.0,62
2011,4,桃園市,0.11414400000000001,5.454,250
2011,4,澎湖縣,0.25,6.0,24
2011,4,臺中市,1.3385533980582525,7.547,103
2011,4,臺北市,0.35826086956521735,8.0,207
2011,4,臺南市,0.7415051903114186,15.384,578
2011,4,臺東縣,2.6473625,28.0,80
2011,4,花蓮縣,0.19047619047619047,8.0,63
2011,4,苗栗縣,2.718972222222222,6.0,36
2011,4,連江縣,0.0,0.0,5
2011,4,金門縣,0.5565714285714286,3.896,7
2011,4,雲林縣,0.8332328767123288,6.0,73
2011,4,高雄市,1.5650592160133445,20.0,1199
2011,5,南投縣,0.9529871794871795,10.0,78
2011,5,嘉義市,0.625,7.5,24
2011,5,嘉義縣,0.0,0.0,76
2011,5,基隆市,0.9047619047619048,8.0,42
2011,5,宜蘭縣,0.23334375,3.773,96
2011,5,屏東縣,4.839345864661654,28.07,133
2011,5,彰化縣,1.1566829268292682,6.0,82
2011,5,新北市,0.7593483870967742,12.0,155
2011,5,新竹市,1.4313529411764705,8.333,34
2011,5,新竹縣,2.85275,98.039,60
2011,5,桃園市,0.3191489361702128,22.0,94
2011,5,澎湖縣,0.15720833333333334,3.773,24
2011,5,臺中市,1.4555714285714285,5.769,98
2011,5,臺北市,0.9905204081632653,23.333,98
2011,5,臺南市,3.6123021739130436,50.0,460
2011,5,臺東縣,2.9577464788732395,44.0,71
2011,5,花蓮縣,0.0,0.0,70
2011,5,苗栗縣,2.8811764705882354,8.0,34
2011,5,連江縣,0.0,0.0,5
2011,5,金門縣,0.709625,2.0,8
2011,5,雲林縣,0.6811294117647059,4.0,85
2011,5,高雄市,2.93205375,56.0,800
2011,6,南投縣,0.9324788732394367,4.285,71
2011,6,嘉義市,0.19736842105263158,1.25,19
2011,6,嘉義縣,0.02682608695652174,1.851,69
2011,6,基隆市,0.8627272727272728,4.0,44
2011,6,宜蘭縣,0.44025,4.0,108
2011,6,屏東縣,4.250653645833333,34.482,384
2011,6,彰化縣,1.2252249999999998,8.0,120
2011,6,新北市,0.9938384615384617,19.642,260
2011,6,新竹市,2.2864,8.0,30
2011,6,新竹縣,1.1658870967741934,8.333,62
2011,6,桃園市,0.45972,12.121,100
2011,6,澎湖縣,0.7023571428571429,4.0,28
2011,6,臺中市,2.143894366197183,7.407,142
2011,6,臺北市,1.3405,8.0,170
2011,6,臺南市,4.018472111553785,54.0,502
2011,6,臺東縣,1.9836602564102566,20.0,156
2011,6,花蓮縣,0.2645396825396825,6.0,63
2011,6,苗栗縣,3.8140735294117643,12.0,68
2011,6,連江縣,0.0,0.0,6
2011,6,金門縣,1.3908888888888888,3.703,9
2011,6,雲林縣,0.44458227848101267,3.921,79
2011,6,高雄市,6.10271001150748,68.0,869
2011,7,南投縣,1.3433563218390805,8.0,87
2011,7,嘉義市,0.3308409090909091,3.75,88
2011,7,嘉義縣,0.16026923076923077,5.714,78
2011,7,基隆市,1.0656071428571428,4.0,56
2011,7,宜蘭縣,0.33856,4.0,100
2011,7,屏東縣,4.262991967871486,220.155,498
2011,7,彰化縣,1.9551804511278195,20.0,133
2011,7,新北市,1.617061320754717,14.0,212
2011,7,新竹市,2.7248709677419356,8.571,31
2011,7,新竹縣,1.0457301587301588,8.333,63
2011,7,桃園市,0.44857303370786517,10.0,89
2011,7,澎湖縣,0.9,10.0,20
2011,7,臺中市,2.4604042553191485,8.0,141
2011,7,臺北市,1.9157910447761195,14.0,201
2011,7,臺南市,5.663018545994065,135.294,1348
2011,7,臺東縣,1.5726882352941178,22.0,340
2011,7,花蓮縣,0.0,0.0,47
2011,7,苗栗縣,3.857902777777778,12.0,72
2011,7,連江縣,0.0,0.0,5
2011,7,金門縣,2.143,5.882,9
2011,7,雲林縣,0.5109506172839506,4.0,81
2011,7,高雄市,8.17462378459237,70.0,1337
2011,8,南投縣,1.8456666666666666,8.0,78
2011,8,嘉義市,0.1993690476190476,1.515,84
2011,8,嘉義縣,0.18509090909090908,4.0,88
2011,8,基隆市,0.6521739130434783,4.0,46
2011,8,宜蘭縣,0.4894622641509434,5.0,106
2011,8,屏東縣,3.432510288065844,57.377,486
2011,8,彰化縣,1.928356589147287,18.0,129
2011,8,新北市,1.7010817120622568,13.461,257
2011,8,新竹市,1.4676,6.0,30
2011,8,新竹縣,1.1993970588235294,7.843,68
2011,8,桃園市,0.3087840909090909,6.097,88
2011,8,澎湖縣,0.8251428571428571,3.921,21
2011,8,臺中市,2.3283435114503814,9.09,131
2011,8,臺北市,2.2599927007299274,29.411,274
2011,8,臺南市,4.729988165680473,118.0,1859
2011,8,臺東縣,1.3276968838526912,8.0,353
2011,8,花蓮縣,0.041666666666666664,2.0,48
2011,8,苗栗縣,3.9317575757575756,16.393,66
2011,8,連江縣,0.0,0.0,5
2011,8,金門縣,0.2,2.0,10
2011,8,雲林縣,0.4545769230769231,4.0,78
2011,8,高雄市,6.830703241895262,64.0,802
2011,9,南投縣,1.3430722891566265,6.0,83
2011,9,嘉義市,0.3385666666666667,1.666,90
2011,9,嘉義縣,0.09914942528735632,1.923,87
2011,9,基隆市,0.42857142857142855,6.0,42
2011,9,宜蘭縣,0.5689809523809524,32.0,105
2011,9,屏東縣,3.660409090909091,76.428,616
2011,9,彰化縣,1.3839359999999998,26.0,125
2011,9,新北市,1.1737259786476868,10.0,281
2011,9,新竹市,1.5296666666666667,6.0,30
2011,9,新竹縣,0.974671875,8.0,64
2011,9,桃園市,0.41739130434782606,8.0,115
2011,9,澎湖縣,2.2565,11.92,26
2011,9,臺中市,2.1743509933774834,8.333,151
2011,9,臺北市,2.720652380952381,36.0,210
2011,9,臺南市,4.540326977005048,86.0,1783
2011,9,臺東縣,1.2813522727272728,30.0,352
2011,9,花蓮縣,0.03508771929824561,2.0,57
2011,9,苗栗縣,4.022454545454545,30.0,66
2011,9,連江縣,0.0,0.0,4
2011,9,金門縣,0.0,0.0,9
2011,9,雲林縣,0.6458395061728396,4.0,81
2011,9,高雄市,6.148978043912176,56.0,501
2011,10,南投縣,0.9999876543209876,6.0,81
2011,10,嘉義市,0.38182758620689655,3.75,87
2011,10,嘉義縣,0.13574117647058823,3.846,85
2011,10,基隆市,0.27906976744186046,4.0,43
2011,10,宜蘭縣,0.5098235294117647,4.0,102
2011,10,屏東縣,4.5693363471971065,96.551,553
2011,10,彰化縣,0.846969465648855,8.0,131
2011,10,新北市,1.2923571428571428,36.0,266
2011,10,新竹市,1.903290322580645,16.666,31
2011,10,新竹縣,0.7971746031746032,9.803,63
2011,10,桃園市,0.5591397849462365,12.0,93
2011,10,澎湖縣,4.561015873015873,21.153,63
2011,10,臺中市,1.6880569620253165,12.857,158
2011,10,臺北市,1.8058053435114503,17.647,524
2011,10,臺南市,3.231761327377154,43.137,1567
2011,10,臺東縣,1.2829013698630138,34.615,365
2011,10,花蓮縣,0.03508771929824561,2.0,57
2011,10,苗栗縣,3.609890410958904,40.0,73
2011,10,連江縣,0.0,0.0,4
2011,10,金門縣,0.0,0.0,10
2011,10,雲林縣,0.49761249999999996,3.921,80
2011,10,高雄市,7.600345588235293,181.25,680
2011,11,南投縣,0.9572564102564102,6.0,78
2011,11,嘉義市,0.46883908045977013,3.75,87
2011,11,嘉義縣,0.023451219512195122,1.923,82
2011,11,基隆市,0.14285714285714285,2.0,28
2011,11,宜蘭縣,0.23077000000000003,4.0,100
2011,11,屏東縣,4.283784,55.555,750
2011,11,彰化縣,0.9333333333333333,8.0,120
2011,11,新北市,0.9545622317596567,14.285,233
2011,11,新竹市,1.0138666666666667,6.0,30
2011,11,新竹縣,0.8076984126984127,6.0,63
2011,11,桃園市,0.49056603773584906,4.0,106
2011,11,澎湖縣,4.512166666666666,26.0,72
2011,11,臺中市,1.638796875,5.66,128
2011,11,臺北市,2.631543307086614,13.571,127
2011,11,臺南市,3.298504654255319,50.0,1504
2011,11,臺東縣,1.2635051282051282,26.0,390
2011,11,花蓮縣,0.037037037037037035,2.0,54
2011,11,苗栗縣,3.4521492537313434,8.0,67
2011,11,連江縣,0.0,0.0,3
2011,11,金門縣,0.8311428571428571,4.0,7
2011,11,雲林縣,0.6089863013698631,3.921,73
2011,11,高雄市,7.176780652418448,76.0,889
2011,12,南投縣,0.7088607594936709,6.0,79
2011,12,嘉義市,0.4397349397590361,7.5,83
2011,12,嘉義縣,0.0471625,3.773,80
2011,12,基隆市,0.2857142857142857,2.0,28
2011,12,宜蘭縣,0.3638952380952381,14.0,105
2011,12,屏東縣,4.445823281907433,150.0,713
2011,12,彰化縣,0.961038961038961,8.0,77
2011,12,新北市,0.6937696969696969,6.0,165
2011,12,新竹市,1.4553103448275861,6.0,29
2011,12,新竹縣,0.5172537313432836,4.0,67
2011,12,桃園市,0.4854368932038835,6.0,103
2011,12,澎湖縣,2.079586206896552,14.0,58
2011,12,臺中市,1.0701444444444446,8.0,90
2011,12,臺北市,1.5515820895522388,12.0,67
2011,12,臺南市,2.5145287277701778,41.176,1462
2011,12,臺東縣,1.199431216931217,8.0,378
2011,12,花蓮縣,0.0,0.0,47
2011,12,苗栗縣,2.4210526315789473,8.0,38
2011,12,連江縣,0.0,0.0,3
2011,12,金門縣,0.2857142857142857,2.0,7
2011,12,雲林縣,0.5379324324324325,4.0,74
2011,12,高雄市,4.890163652024117,41.558,1161
2012,1,南投縣,0.45725641025641023,4.0,78
2012,1,嘉義市,0.39035616438356163,2.5,73
2012,1,嘉義縣,0.0,0.0,80
2012,1,基隆市,0.27586206896551724,2.0,29
2012,1,宜蘭縣,0.1916808510638298,2.0,94
2012,1,屏東縣,2.4033530864197528,23.611,405
2012,1,彰化縣,0.5352112676056338,8.0,71
2012,1,新北市,0.9251486486486487,26.0,148
2012,1,新竹市,1.0676136363636364,4.0,44
2012,1,新竹縣,0.40192753623188404,5.882,69
2012,1,桃園市,0.52,32.0,100
2012,1,澎湖縣,0.0,0.0,22
2012,1,臺中市,0.9449466666666666,3.921,75
2012,1,臺北市,1.2046999999999999,10.344,100
2012,1,臺南市,0.6061466666666667,8.0,750
2012,1,臺東縣,1.2540833333333332,14.0,288
2012,1,花蓮縣,0.14814814814814814,6.0,54
2012,1,苗栗縣,2.4490322580645163,8.0,31
2012,1,連江縣,0.0,0.0,3
2012,1,金門縣,0.0,0.0,7
2012,1,雲林縣,0.4649047619047619,4.0,84
2012,1,高雄市,1.4192921348314607,18.0,979
2012,2,南投縣,0.36178048780487804,6.0,82
2012,2,嘉義市,0.234375,3.75,16
2012,2,嘉義縣,0.016234567901234568,1.315,81
2012,2,基隆市,0.14285714285714285,2.0,28
2012,2,宜蘭縣,0.24734343434343434,2.0,99
2012,2,屏東縣,2.6520700636942673,9.615,157
2012,2,彰化縣,0.7671232876712328,8.0,73
2012,2,新北市,0.6866582278481013,12.857,158
2012,2,新竹市,0.8954716981132076,3.0,53
2012,2,新竹縣,0.661125,5.769,64
2012,2,桃園市,0.09375,2.0,64
2012,2,澎湖縣,0.0,0.0,20
2012,2,臺中市,0.7020000000000001,4.0,89
2012,2,臺北市,1.1279,12.0,90
2012,2,臺南市,1.8021018099547512,18.0,442
2012,2,臺東縣,3.3101960784313724,35.294,51
2012,2,花蓮縣,0.038461538461538464,2.0,52
2012,2,苗栗縣,3.0449444444444445,8.0,36
2012,2,連江縣,0.0,0.0,3
2012,2,金門縣,0.0,0.0,7
2012,2,雲林縣,0.42873417721518986,3.846,79
2012,2,高雄市,0.9617702459508098,16.8,1667
2012,3,南投縣,0.873873417721519,4.0,79
2012,3,嘉義市,0.45454545454545453,5.0,22
2012,3,嘉義縣,0.08115827338129497,2.857,139
2012,3,基隆市,0.42857142857142855,6.0,28
2012,3,宜蘭縣,0.20785849056603775,2.0,106
2012,3,屏東縣,2.9733271028037382,12.389,214
2012,3,彰化縣,0.7631578947368421,6.0,76
2012,3,新北市,0.8609074074074075,28.571,162
2012,3,新竹市,0.9186792452830188,4.0,53
2012,3,新竹縣,0.6074426229508197,4.0,61
2012,3,桃園市,0.10126582278481013,4.0,79
2012,3,澎湖縣,0.08199999999999999,1.886,23
2012,3,臺中市,1.348284090909091,5.454,88
2012,3,臺北市,1.4278152173913043,16.0,92
2012,3,臺南市,1.9618462484624846,18.0,813
2012,3,臺東縣,3.7249120879120876,70.0,91
2012,3,花蓮縣,0.03773584905660377,2.0,53
2012,3,苗栗縣,3.5340571428571432,8.0,35
2012,3,連江縣,0.0,0.0,1
2012,3,金門縣,0.0,0.0,7
2012,3,雲林縣,0.4311518987341772,3.448,79
2012,3,高雄市,1.3975392291136763,26.4,5111
2012,4,南投縣,0.6842105263157895,4.0,76
2012,4,嘉義市,0.5711428571428572,6.25,21
2012,4,嘉義縣,0.042708074534161485,3.03,161
2012,4,基隆市,0.4,4.0,30
2012,4,宜蘭縣,0.20346534653465348,3.0,101
2012,4,屏東縣,3.040613953488372,18.0,215
2012,4,彰化縣,1.2090263157894736,6.0,76
2012,4,新北市,1.1893103448275861,40.0,174
2012,4,新竹市,1.9516399999999998,10.0,50
2012,4,新竹縣,0.7000327868852458,5.769,61
2012,4,桃園市,0.4380769230769231,20.0,78
2012,4,澎湖縣,0.745875,6.0,56
2012,4,臺中市,1.248542168674699,4.0,83
2012,4,臺北市,1.3482934131736526,13.235,167
2012,4,臺南市,1.8361142857142858,16.981,665
2012,4,臺東縣,1.6374736842105264,15.189,95
2012,4,花蓮縣,0.14545454545454545,2.0,55
2012,4,苗栗縣,3.161277777777778,8.0,36
2012,4,連江縣,0.0,0.0,3
2012,4,金門縣,0.0,0.0,7
2012,4,雲林縣,0.5006538461538462,3.921,78
2012,4,高雄市,1.7284686147186146,24.0,2772
2012,5,南投縣,1.5,8.0,80
2012,5,嘉義市,0.44807142857142856,3.773,14
2012,5,嘉義縣,0.15115822784810126,3.921,158
2012,5,基隆市,0.3333333333333333,4.0,42
2012,5,宜蘭縣,0.40741284403669725,4.0,109
2012,5,屏東縣,9.520401785714286,104.0,112
2012,5,彰化縣,2.1538461538461537,16.0,78
2012,5,新北市,1.0749113924050633,15.789,237
2012,5,新竹市,1.4475952380952382,5.0,42
2012,5,新竹縣,0.8021587301587302,13.725,63
2012,5,桃園市,0.3409090909090909,10.0,88
2012,5,澎湖縣,2.032873786407767,14.0,103
2012,5,臺中市,2.209071428571429,9.433,98
2012,5,臺北市,2.0460110497237567,19.23,181
2012,5,臺南市,4.713695478723404,40.0,752
2012,5,臺東縣,2.344505263157895,17.307,95
2012,5,花蓮縣,0.0784313725490196,2.0,51
2012,5,苗栗縣,3.0952380952380953,8.0,42
2012,5,連江縣,0.0,0.0,4
2012,5,金門縣,1.0025555555555554,5.357,9
2012,5,雲林縣,0.7897000000000001,4.0,80
2012,5,高雄市,7.142177304964539,49.019,846
2012,6,南投縣,0.9677435897435896,6.0,78
2012,6,嘉義市,1.262784140969163,22.916,227
2012,6,嘉義縣,0.23574025974025975,9.09,154
2012,6,基隆市,0.6511627906976745,8.0,43
2012,6,宜蘭縣,0.7118469387755102,9.0,98
2012,6,屏東縣,21.211185185185187,150.704,81
2012,6,彰化縣,1.9613385826771654,16.0,127
2012,6,新北市,1.6121327800829877,32.0,241
2012,6,新竹市,1.8370833333333334,6.0,48
2012,6,新竹縣,0.8910882352941175,17.647,68
2012,6,桃園市,0.4444444444444444,14.0,108
2012,6,澎湖縣,4.3691796875,34.0,128
2012,6,臺中市,1.9471848739495798,7.692,119
2012,6,臺北市,2.846805555555555,15.686,180
2012,6,臺南市,7.056426614481409,68.0,511
2012,6,臺東縣,2.9534301075268816,14.0,93
2012,6,花蓮縣,0.11538461538461539,4.0,52
2012,6,苗栗縣,3.1147464788732395,8.0,71
2012,6,連江縣,0.0,0.0,1
2012,6,金門縣,1.2,12.0,10
2012,6,雲林縣,0.6571851851851852,4.0,81
2012,6,高雄市,11.025308917197453,54.0,314
2012,7,南投縣,0.95,4.0,80
2012,7,嘉義市,0.8406863468634687,10.256,271
2012,7,嘉義縣,0.12528205128205128,4.411,156
2012,7,基隆市,0.46511627906976744,8.0,43
2012,7,宜蘭縣,0.44598,9.0,100
2012,7,屏東縣,11.54459817351598,74.074,219
2012,7,彰化縣,1.905511811023622,24.0,127
2012,7,新北市,1.3359478260869566,18.0,230
2012,7,新竹市,1.3032931034482758,6.0,58
2012,7,新竹縣,0.9329538461538462,4.0,65
2012,7,桃園市,0.3783783783783784,12.0,111
2012,7,澎湖縣,2.770959677419355,18.0,124
2012,7,臺中市,1.655441176470588,9.433,136
2012,7,臺北市,2.585838888888889,17.307,180
2012,7,臺南市,5.243311942959002,48.076,561
2012,7,臺東縣,2.7988541666666666,28.846,96
2012,7,花蓮縣,0.03636363636363636,2.0,55
2012,7,苗栗縣,2.872985507246377,8.0,69
2012,7,連江縣,0.5,2.0,4
2012,7,金門縣,0.25971428571428573,1.818,7
2012,7,雲林縣,0.6045802469135803,4.0,81
2012,7,高雄市,7.155682389937107,32.0,318
2012,8,南投縣,0.9740842105263158,8.0,95
2012,8,嘉義市,1.4933805309734514,43.589,226
2012,8,嘉義縣,0.1810125786163522,16.666,159
2012,8,基隆市,0.822952380952381,8.0,42
2012,8,宜蘭縣,0.4088727272727273,4.0,110
2012,8,屏東縣,9.707219512195122,71.428,123
2012,8,彰化縣,2.0846153846153848,12.0,130
2012,8,新北市,1.5811178707224334,72.0,263
2012,8,新竹市,1.385728813559322,4.0,59
2012,8,新竹縣,0.935828125,13.207,64
2012,8,桃園市,0.4027881355932203,23.529,118
2012,8,澎湖縣,3.584315789473684,28.0,95
2012,8,臺中市,1.9533923076923077,9.09,130
2012,8,臺北市,2.392,14.285,171
2012,8,臺南市,8.278391585760518,52.631,618
2012,8,臺東縣,3.5267319587628867,22.0,97
2012,8,花蓮縣,0.13333333333333333,2.0,30
2012,8,苗栗縣,3.3711,8.0,70
2012,8,連江縣,0.0,0.0,3
2012,8,金門縣,1.090857142857143,4.0,7
2012,8,雲林縣,0.7295466666666667,4.0,75
2012,8,高雄市,9.613958333333334,66.141,504
2012,9,南投縣,1.0512820512820513,6.0,78
2012,9,嘉義市,0.5665882352941176,5.882,17
2012,9,嘉義縣,0.0,0.0,151
2012,9,基隆市,0.6666666666666666,6.0,42
2012,9,宜蘭縣,0.3875408163265306,5.0,98
2012,9,屏東縣,15.818539682539683,248.333,63
2012,9,彰化縣,1.4045801526717556,8.0,131
2012,9,新北市,1.1507985865724382,10.909,283
2012,9,新竹市,1.3932,4.285,55
2012,9,新竹縣,0.9350967741935484,9.677,62
2012,9,桃園市,1.0496730769230769,20.0,104
2012,9,澎湖縣,2.3050625,12.0,96
2012,9,臺中市,1.838390243902439,22.222,123
2012,9,臺北市,2.202363057324841,16.0,157
2012,9,臺南市,4.598081163859112,54.0,653
2012,9,臺東縣,2.4683522727272726,9.333,88
2012,9,花蓮縣,0.045454545454545456,2.0,44
2012,9,苗栗縣,3.8547733333333336,14.0,75
2012,9,連江縣,0.0,0.0,3
2012,9,金門縣,1.5917142857142856,7.142,7
2012,9,雲林縣,0.6025925925925926,10.0,81
2012,9,高雄市,9.254648030495554,58.0,787
2012,10,南投縣,1.1709358974358974,6.0,78
2012,10,嘉義市,0.18905,2.531,20
2012,10,嘉義縣,0.08633136094674557,6.0,169
2012,10,基隆市,0.42857142857142855,6.0,42
2012,10,宜蘭縣,0.19521296296296295,2.0,108
2012,10,屏東縣,6.216507692307692,23.728,65
2012,10,彰化縣,0.9841269841269841,8.0,126
2012,10,新北市,0.8951333333333333,25.925,240
2012,10,新竹市,1.9143928571428572,6.0,56
2012,10,新竹縣,0.7721147540983607,6.0,61
2012,10,桃園市,0.40279396092362346,16.0,563
2012,10,澎湖縣,0.8305625,6.0,96
2012,10,臺中市,1.1257118644067796,6.0,118
2012,10,臺北市,1.444638888888889,12.0,180
2012,10,臺南市,1.7245814581458145,26.0,1111
2012,10,臺東縣,3.0635053763440863,21.153,93
2012,10,花蓮縣,0.17753703703703702,2.0,54
2012,10,苗栗縣,3.1218115942028986,8.0,69
2012,10,連江縣,0.0,0.0,3
2012,10,金門縣,0.6464444444444444,4.0,9
2012,10,雲林縣,0.4881875,4.0,80
2012,10,高雄市,4.449659050966608,47.0,1138
2012,11,南投縣,0.7326176470588235,4.0,68
2012,11,嘉義市,0.1388888888888889,1.25,18
2012,11,嘉義縣,0.1457721518987342,8.0,158
2012,11,宜蘭縣,0.5134660194174757,4.0,103
2012,11,屏東縣,6.425820512820513,25.0,78
2012,11,彰化縣,0.8870967741935484,6.0,124
2012,11,新北市,0.957744292237443,26.415,219
2012,11,新竹市,2.091065217391304,8.0,46
2012,11,新竹縣,0.31746031746031744,4.0,63
2012,11,桃園市,0.09009009009009009,2.0,111
2012,11,澎湖縣,0.396275,2.0,40
2012,11,臺中市,1.1152923076923076,7.692,130
2012,11,臺北市,1.5675348837209302,18.0,86
2012,11,臺南市,0.9629489291598022,26.0,1214
2012,11,臺東縣,2.49875641025641,26.923,78
2012,11,花蓮縣,0.32648979591836735,3.333,49
2012,11,苗栗縣,2.888888888888889,10.0,72
2012,11,連江縣,0.0,0.0,2
2012,11,金門縣,0.5194285714285715,3.636,7
2012,11,雲林縣,0.46112345679012345,3.921,81
2012,11,高雄市,4.667228601252609,36.0,958
2012,12,南投縣,0.3188405797101449,2.0,69
2012,12,嘉義市,0.05,1.25,25
2012,12,嘉義縣,0.0,0.0,117
2012,12,宜蘭縣,0.3361734693877551,4.0,98
2012,12,屏東縣,5.623509090909091,19.629,55
2012,12,彰化縣,1.2307692307692308,8.0,78
2012,12,新北市,1.2683669064748202,28.301,139
2012,12,新竹市,0.7334358974358974,4.0,39
2012,12,新竹縣,0.4475454545454545,4.0,66
2012,12,桃園市,1.3939382716049382,42.0,81
2012,12,澎湖縣,1.0457857142857143,20.0,42
2012,12,臺中市,1.2331744186046512,4.0,86
2012,12,臺北市,1.503078125,6.666,64
2012,12,臺南市,0.7775133505598621,16.0,1161
2012,12,臺東縣,2.2746103896103897,19.23,77
2012,12,花蓮縣,0.35555555555555557,12.0,45
2012,12,苗栗縣,2.6506052631578947,6.0,38
2012,12,連江縣,0.0,0.0,2
2012,12,金門縣,0.5454285714285715,2.0,7
2012,12,雲林縣,0.5196710526315789,4.0,76
2012,12,高雄市,4.901849878934625,39.0,826
2013,1,南投縣,0.5833333333333334,4.0,72
2013,1,嘉義市,1.1219583333333334,11.538,24
2013,1,嘉義縣,0.0,0.0,85
2013,1,基隆市,0.21428571428571427,2.0,28
2013,1,宜蘭縣,0.267,4.0,110
2013,1,屏東縣,1.9680833333333334,9.803,108
2013,1,彰化縣,0.676056338028169,6.0,71
2013,1,新北市,0.6755833333333333,24.0,144
2013,1,新竹市,1.6751333333333334,6.0,30
2013,1,新竹縣,0.46825000000000006,4.0,76
2013,1,桃園市,1.1358024691358024,72.0,81
2013,1,澎湖縣,1.3269166666666665,24.0,36
2013,1,臺中市,0.9450326086956522,7.272,92
2013,1,臺北市,1.2734852941176469,8.333,68
2013,1,臺南市,0.8162938144329897,14.0,194
2013,1,臺東縣,2.6486206896551723,24.0,87
2013,1,花蓮縣,0.2884285714285714,4.761,77
2013,1,苗栗縣,2.7567567567567566,8.0,37
2013,1,連江縣,0.0,0.0,5
2013,1,金門縣,0.27471428571428574,1.923,7
2013,1,雲林縣,0.46153086419753087,3.846,81
2013,1,高雄市,4.4027179487179495,25.882,234
2013,2,南投縣,0.49382716049382713,4.0,81
2013,2,嘉義市,0.09615384615384616,1.25,13
2013,2,嘉義縣,0.02238961038961039,1.724,77
2013,2,基隆市,0.2857142857142857,2.0,28
2013,2,宜蘭縣,0.39003333333333334,8.0,90
2013,2,屏東縣,1.1778125,7.142,80
2013,2,彰化縣,0.8888888888888888,8.0,72
2013,2,新北市,0.5637741935483871,5.882,124
2013,2,新竹市,1.1412,6.0,25
2013,2,新竹縣,0.6880161290322581,4.0,62
2013,2,桃園市,0.2727272727272727,4.0,44
2013,2,澎湖縣,0.4444444444444444,10.0,27
2013,2,臺中市,0.8597571428571429,3.921,70
2013,2,臺北市,0.30109523809523814,3.571,63
2013,2,臺南市,0.9443719512195122,21.153,164
2013,2,臺東縣,2.8395844155844157,18.0,77
2013,2,花蓮縣,0.32611111111111113,5.0,90
2013,2,苗栗縣,2.568085714285714,6.0,35
2013,2,連江縣,0.0,0.0,3
2013,2,金門縣,0.2857142857142857,2.0,7
2013,2,雲林縣,0.40873076923076923,3.921,78
2013,2,高雄市,3.366202830188679,22.0,212
2013,3,南投縣,0.5822784810126582,4.0,79
2013,3,嘉義市,0.4891304347826087,3.75,23
2013,3,嘉義縣,0.10461538461538462,3.846,117
2013,3,基隆市,0.5714285714285714,4.0,28
2013,3,宜蘭縣,0.4258316831683168,8.0,101
2013,3,屏東縣,1.5328053097345131,8.0,113
2013,3,彰化縣,1.2857142857142858,6.0,70
2013,3,新北市,0.7875942028985508,6.0,138
2013,3,新竹市,2.080846153846154,6.0,26
2013,3,新竹縣,0.9487166666666667,5.769,60
2013,3,桃園市,0.06060606060606061,2.0,66
2013,3,澎湖縣,0.39496551724137935,5.454,29
2013,3,臺中市,0.8484615384615386,3.846,78
2013,3,臺北市,0.7730923076923076,4.0,65
2013,3,臺南市,0.9666560509554141,20.0,1099
2013,3,臺東縣,2.076244680851064,8.0,94
2013,3,花蓮縣,0.14893617021276595,2.0,94
2013,3,苗栗縣,2.8333333333333335,6.0,36
2013,3,連江縣,0.0,0.0,4
2013,3,金門縣,0.27471428571428574,1.923,7
2013,3,雲林縣,0.6096049382716049,4.0,81
2013,3,高雄市,2.741439024390244,14.0,287
2013,4,南投縣,0.6153846153846154,4.0,78
2013,4,嘉義市,0.11904761904761904,1.25,21
2013,4,嘉義縣,0.1729144385026738,7.692,187
2013,4,基隆市,0.3333333333333333,4.0,30
2013,4,宜蘭縣,0.57764,8.0,100
2013,4,屏東縣,3.2941081081081083,42.718,148
2013,4,彰化縣,1.5384615384615385,8.0,78
2013,4,新北市,0.9453333333333334,12.0,129
2013,4,新竹市,1.68224,4.0,25
2013,4,新竹縣,0.6598064516129033,5.66,62
2013,4,桃園市,0.19047619047619047,6.0,63
2013,4,澎湖縣,1.0467407407407407,8.0,27
2013,4,臺中市,1.3430945945945945,4.0,74
2013,4,臺北市,1.206317880794702,14.0,151
2013,4,臺南市,2.093756134969325,44.0,652
2013,4,臺東縣,2.049511904761905,11.764,84
2013,4,花蓮縣,0.17180412371134018,3.333,97
2013,4,苗栗縣,3.202166666666667,8.0,36
2013,4,連江縣,0.0,0.0,3
2013,4,金門縣,0.5714285714285714,2.0,7
2013,4,雲林縣,0.8172499999999999,4.0,80
2013,4,高雄市,7.086471402214022,50.0,1084
2013,5,南投縣,1.4074074074074074,34.0,81
2013,5,嘉義市,0.5,5.0,20
2013,5,嘉義縣,0.13264516129032258,6.779,186
2013,5,宜蘭縣,0.5628725490196078,8.0,102
2013,5,屏東縣,6.547445945945946,55.434,148
2013,5,彰化縣,2.4657875000000002,10.0,80
2013,5,新北市,0.9925837837837838,10.0,185
2013,5,新竹市,1.42528125,5.882,32
2013,5,新竹縣,0.6260483870967741,4.0,62
2013,5,桃園市,0.33766233766233766,10.0,77
2013,5,澎湖縣,4.804314285714286,16.0,35
2013,5,臺中市,1.7068686868686869,8.333,99
2013,5,臺北市,1.8902500000000002,10.0,156
2013,5,臺南市,4.09555754857997,42.0,669
2013,5,臺東縣,3.2279625000000003,24.0,80
2013,5,花蓮縣,0.372864406779661,5.0,118
2013,5,苗栗縣,3.6666666666666665,8.0,36
2013,5,連江縣,0.0,0.0,4
2013,5,金門縣,0.0,0.0,8
2013,5,雲林縣,1.126939024390244,4.0,82
2013,5,高雄市,8.929241348713397,76.0,1127
2013,6,南投縣,1.1561688311688312,8.0,77
2013,6,嘉義市,0.32894736842105265,3.75,19
2013,6,嘉義縣,0.06645876288659794,3.703,194
2013,6,宜蘭縣,0.3078989898989899,6.0,99
2013,6,屏東縣,9.538822580645162,88.732,124
2013,6,彰化縣,2.2580645161290325,8.0,124
2013,6,新北市,0.9579125475285172,14.0,263
2013,6,新竹市,0.9644615384615385,2.0,26
2013,6,新竹縣,1.2355757575757575,9.859,66
2013,6,桃園市,0.3063063063063063,8.0,111
2013,6,澎湖縣,3.7191,12.0,40
2013,6,臺中市,1.4413769230769231,5.084,130
2013,6,臺北市,1.867028368794326,15.0,141
2013,6,臺南市,3.8917102473498235,32.0,566
2013,6,臺東縣,2.874804347826087,23.529,92
2013,6,花蓮縣,0.16814414414414416,4.0,111
2013,6,苗栗縣,4.0509054054054054,18.0,74
2013,6,連江縣,0.0,0.0,4
2013,6,金門縣,1.5384444444444445,4.0,9
2013,6,雲林縣,0.9036835443037975,4.0,79
2013,6,高雄市,7.838502793296089,40.517,537
2013,7,南投縣,1.0,6.0,72
2013,7,嘉義市,0.06944444444444445,1.25,18
2013,7,嘉義縣,0.04076884422110553,3.333,199
2013,7,宜蘭縣,0.3826039603960396,8.0,101
2013,7,屏東縣,4.608752136752138,37.931,117
2013,7,彰化縣,2.220015625,8.0,128
2013,7,新北市,0.983212,20.0,250
2013,7,新竹市,1.7748275862068965,6.0,29
2013,7,新竹縣,0.7441029411764707,14.814,68
2013,7,桃園市,0.3779527559055118,8.0,127
2013,7,澎湖縣,4.053933333333333,30.0,60
2013,7,臺中市,1.6617840000000001,5.769,125
2013,7,臺北市,1.7243055555555555,18.0,180
2013,7,臺南市,3.786172364672365,42.0,702
2013,7,臺東縣,1.8010243902439025,8.0,82
2013,7,花蓮縣,0.22320535714285714,3.333,112
2013,7,苗栗縣,3.616485294117647,8.0,68
2013,7,連江縣,0.0,0.0,5
2013,7,金門縣,1.942625,4.0,8
2013,7,雲林縣,0.7768395061728395,6.0,81
2013,7,高雄市,8.644094488188976,64.0,381
2013,8,南投縣,1.1763055555555555,6.0,72
2013,8,嘉義市,0.16666666666666666,1.25,15
2013,8,嘉義縣,0.0156978021978022,2.857,182
2013,8,宜蘭縣,0.27436893203883495,6.0,103
2013,8,屏東縣,8.479396396396396,85.046,111
2013,8,彰化縣,1.664,8.0,125
2013,8,新北市,1.0182977777777777,15.094,225
2013,8,新竹市,0.85415625,4.0,32
2013,8,新竹縣,0.5986666666666667,10.0,60
2013,8,桃園市,0.5772357723577236,14.0,123
2013,8,澎湖縣,2.8558979591836735,10.0,49
2013,8,臺中市,1.756921875,6.0,128
2013,8,臺北市,1.5625116279069768,24.0,172
2013,8,臺南市,4.040463295269168,46.666,613
2013,8,臺東縣,1.5881358024691359,8.0,81
2013,8,花蓮縣,0.1746031746031746,2.0,126
2013,8,苗栗縣,3.672073529411765,8.0,68
2013,8,連江縣,0.0,0.0,4
2013,8,金門縣,0.97725,4.0,8
2013,8,雲林縣,0.8761216216216215,4.0,74
2013,8,高雄市,8.996724683544304,72.916,632
2013,9,南投縣,1.0555555555555556,4.0,72
2013,9,嘉義市,0.20833333333333334,3.75,18
2013,9,嘉義縣,0.06447191011235955,4.0,178
2013,9,宜蘭縣,0.51315625,7.0,96
2013,9,屏東縣,9.174572413793104,44.0,145
2013,9,彰化縣,1.744,8.0,125
2013,9,新北市,1.3312528301886792,30.0,265
2013,9,新竹市,1.3406666666666667,5.555,30
2013,9,新竹縣,1.0854590163934426,9.23,61
2013,9,桃園市,0.9090909090909091,20.0,121
2013,9,澎湖縣,3.2773666666666665,10.0,30
2013,9,臺中市,1.7395426356589148,20.0,129
2013,9,臺北市,2.5869455445544554,30.0,202
2013,9,臺南市,4.533320132013201,34.0,606
2013,9,臺東縣,2.1945243902439024,22.058,82
2013,9,花蓮縣,0.23362616822429907,4.0,107
2013,9,苗栗縣,3.6532714285714283,18.0,70
2013,9,連江縣,0.0,0.0,2
2013,9,金門縣,0.0,0.0,8
2013,9,雲林縣,0.5568823529411765,4.0,85
2013,9,高雄市,9.922776422764228,74.0,738
2013,10,南投縣,0.9459459459459459,4.0,74
2013,10,嘉義市,0.21739130434782608,2.5,23
2013,10,嘉義縣,0.09441714285714285,7.272,175
2013,10,宜蘭縣,0.5298653846153847,4.0,104
2013,10,屏東縣,7.348066666666667,68.421,150
2013,10,彰化縣,1.8548387096774193,8.0,124
2013,10,新北市,1.3083540372670808,9.803,322
2013,10,新竹市,1.0114666666666667,4.0,30
2013,10,新竹縣,0.7134126984126984,9.433,63
2013,10,桃園市,0.734375,16.0,128
2013,10,澎湖縣,1.3526666666666667,6.0,33
2013,10,臺中市,1.6003098591549296,12.0,142
2013,10,臺北市,1.7611575342465755,20.0,146
2013,10,臺南市,2.9974107424960508,28.0,633
2013,10,臺東縣,2.1643488372093027,13.432,86
2013,10,花蓮縣,0.2660192307692308,5.0,104
2013,10,苗栗縣,3.4345211267605635,8.0,71
2013,10,連江縣,0.0,0.0,3
2013,10,金門縣,0.4,2.0,10
2013,10,雲林縣,0.6265189873417721,4.0,79
2013,10,高雄市,6.614364294330518,44.0,829
2013,11,南投縣,0.7796610169491526,4.0,59
2013,11,嘉義市,0.22058823529411764,3.75,17
2013,11,嘉義縣,0.07180790960451977,5.882,177
2013,11,宜蘭縣,0.20453125000000003,3.0,96
2013,11,屏東縣,5.465687116564418,33.333,163
2013,11,彰化縣,1.1967213114754098,6.0,122
2013,11,新北市,0.6952958801498128,16.981,267
2013,11,新竹市,1.0555333333333334,4.0,30
2013,11,新竹縣,0.548484375,4.0,64
2013,11,桃園市,0.3018867924528302,4.0,106
2013,11,澎湖縣,0.4865625,6.0,16
2013,11,臺中市,1.1479090909090908,3.846,121
2013,11,臺北市,1.8552045454545456,14.0,88
2013,11,臺南市,2.332208450704225,33.333,710
2013,11,臺東縣,1.7110289855072465,6.0,69
2013,11,花蓮縣,0.19672131147540983,4.0,122
2013,11,苗栗縣,2.608125,6.0,72
2013,11,連江縣,0.0,0.0,6
2013,11,金門縣,0.0,0.0,7
2013,11,雲林縣,0.5557682926829268,4.0,82
2013,11,高雄市,4.786997419354839,31.333,775
2013,12,南投縣,0.5,4.0,56
2013,12,嘉義市,0.0,0.0,22
2013,12,嘉義縣,0.22448920863309352,5.769,139
2013,12,宜蘭縣,0.16477884615384616,2.0,104
2013,12,屏東縣,4.289709401709402,31.325,117
2013,12,彰化縣,1.1891891891891893,8.0,74
2013,12,新北市,0.6099253731343284,6.0,134
2013,12,新竹市,0.40227586206896554,4.0,29
2013,12,新竹縣,0.609,4.0,65
2013,12,桃園市,0.24,12.0,75
2013,12,澎湖縣,0.5333333333333333,2.0,15
2013,12,臺中市,0.8375326086956522,4.0,92
2013,12,臺北市,1.0539871794871796,14.0,78
2013,12,臺南市,1.9920518697225573,16.0,829
2013,12,臺東縣,1.335076923076923,6.0,65
2013,12,花蓮縣,0.07766990291262135,2.0,103
2013,12,苗栗縣,2.8333333333333335,6.0,36
2013,12,連江縣,0.0,0.0,5
2013,12,金門縣,0.5714285714285714,2.0,7
2013,12,雲林縣,0.34229629629629627,4.0,81
2013,12,高雄市,4.1440237868696475,38.666,1051
2014,1,南投縣,0.6060606060606061,6.0,66
2014,1,嘉義市,0.234375,2.5,16
2014,1,嘉義縣,0.0816,3.896,65
2014,1,宜蘭縣,0.29995049504950494,2.0,101
2014,1,屏東縣,3.837415458937198,23.423,207
2014,1,彰化縣,1.0985915492957747,4.0,71
2014,1,新北市,0.6225639097744361,6.0,133
2014,1,新竹市,0.6091724137931035,4.0,29
2014,1,新竹縣,0.315015873015873,4.0,63
2014,1,桃園市,0.41760606060606065,14.0,66
2014,1,澎湖縣,0.36,2.0,11
2014,1,臺中市,0.9202716049382716,4.0,81
2014,1,臺北市,0.6603125,4.0,48
2014,1,臺南市,0.7794739583333333,13.043,192
2014,1,臺東縣,1.427846153846154,6.0,65
2014,1,花蓮縣,0.15517241379310345,2.0,116
2014,1,苗栗縣,2.0,8.0,36
2014,1,連江縣,0.0,0.0,3
2014,1,金門縣,0.2857142857142857,2.0,14
2014,1,雲林縣,0.2859078947368421,2.0,76
2014,1,高雄市,4.29688770053476,25.242,187
2014,2,南投縣,1.0666666666666667,8.0,75
2014,2,嘉義市,0.25,2.5,20
2014,2,嘉義縣,0.08203225806451614,3.571,62
2014,2,宜蘭縣,0.32635353535353534,4.285,99
2014,2,屏東縣,4.068339805825243,18.095,103
2014,2,彰化縣,0.8571428571428571,4.0,70
2014,2,新北市,0.6322000000000001,6.0,130
2014,2,新竹市,1.0888666666666666,5.0,30
2014,2,新竹縣,0.40544067796610167,4.0,59
2014,2,桃園市,0.18867924528301888,4.0,53
2014,2,澎湖縣,0.0,0.0,11
2014,2,臺中市,0.880986111111111,4.0,72
2014,2,臺北市,0.30848648648648647,3.636,74
2014,2,臺南市,0.6535426356589148,8.0,258
2014,2,臺東縣,1.351276923076923,8.0,65
2014,2,花蓮縣,0.18181818181818182,2.0,121
2014,2,苗栗縣,2.5384594594594594,8.0,37
2014,2,連江縣,0.0,0.0,4
2014,2,金門縣,0.0,0.0,7
2014,2,雲林縣,0.27952564102564104,2.0,78
2014,2,高雄市,3.8661360946745558,22.0,169
2014,3,南投縣,1.0263157894736843,4.0,76
2014,3,嘉義市,0.47659090909090907,2.985,22
2014,3,嘉義縣,0.22065972222222224,18.518,144
2014,3,宜蘭縣,0.29725999999999997,4.0,100
2014,3,屏東縣,1.5427133757961782,10.0,157
2014,3,彰化縣,0.8611111111111112,4.0,72
2014,3,新北市,0.5821492537313433,8.0,134
2014,3,新竹市,1.26664,6.0,25
2014,3,新竹縣,0.5667936507936507,4.0,63
2014,3,桃園市,0.2909090909090909,6.0,55
2014,3,澎湖縣,0.3358260869565218,4.0,23
2014,3,臺中市,0.9939125000000001,4.0,80
2014,3,臺北市,3.5619402985074626,50.0,67
2014,3,臺南市,0.8133216666666666,30.0,600
2014,3,臺東縣,1.532474358974359,7.692,78
2014,3,花蓮縣,0.04918032786885246,2.0,122
2014,3,苗栗縣,2.740657142857143,6.0,35
2014,3,連江縣,0.0,0.0,3
2014,3,金門縣,0.8571428571428571,4.0,21
2014,3,雲林縣,0.3801282051282051,3.921,78
2014,3,高雄市,3.4007641025641027,20.0,195
2014,4,南投縣,1.6181309523809524,8.0,84
2014,4,嘉義市,0.47847058823529415,2.857,17
2014,4,嘉義縣,0.0709111111111111,4.918,180
2014,4,宜蘭縣,0.35786,6.0,100
2014,4,屏東縣,2.030835443037975,13.725,158
2014,4,彰化縣,1.0555555555555556,6.0,72
2014,4,新北市,0.7323185185185185,6.0,135
2014,4,新竹市,1.5169666666666666,7.843,30
2014,4,新竹縣,0.8608166666666667,8.0,60
2014,4,桃園市,0.22413793103448276,4.0,58
2014,4,澎湖縣,0.75,4.0,24
2014,4,臺中市,1.656317073170732,17.241,82
2014,4,臺北市,1.0784525547445254,8.0,137
2014,4,臺南市,1.6333943452380955,17.307,672
2014,4,臺東縣,1.6264125,12.727,80
2014,4,花蓮縣,0.2,6.0,130
2014,4,苗栗縣,2.513142857142857,8.0,35
2014,4,連江縣,0.0,0.0,4
2014,4,金門縣,0.5194285714285715,3.636,7
2014,4,雲林縣,0.5740632911392405,4.0,79
2014,4,高雄市,4.091803814713897,24.0,367
2014,5,南投縣,1.7003194444444445,6.0,72
2014,5,嘉義市,0.6527777777777778,4.0,18
2014,5,嘉義縣,0.09747904191616766,3.846,167
2014,5,宜蘭縣,0.65679,9.0,100
2014,5,屏東縣,3.771363636363637,24.545,143
2014,5,彰化縣,1.5342465753424657,6.0,73
2014,5,新北市,0.81725,7.142,148
2014,5,新竹市,2.27992,34.0,25
2014,5,新竹縣,0.311875,4.0,64
2014,5,桃園市,0.6857142857142857,6.0,70
2014,5,澎湖縣,1.8660869565217393,10.0,23
2014,5,臺中市,1.9169784946236559,7.692,93
2014,5,臺北市,1.5599189189189189,12.0,148
2014,5,臺南市,4.433060100166944,58.0,599
2014,5,臺東縣,1.4438235294117647,6.0,85
2014,5,花蓮縣,0.27905426356589147,10.0,129
2014,5,苗栗縣,3.598,10.0,40
2014,5,連江縣,0.0,0.0,4
2014,5,金門縣,3.8070999999999997,16.071,10
2014,5,雲林縣,0.6785822784810126,4.0,79
2014,5,高雄市,8.406048265460031,45.17,663
2014,6,南投縣,1.7637088607594937,8.0,79
2014,6,嘉義市,1.4,8.75,20
2014,6,嘉義縣,0.0504,4.0,190
2014,6,宜蘭縣,0.58479,4.0,100
2014,6,屏東縣,10.20591891891892,164.044,148
2014,6,彰化縣,2.3761338582677167,14.0,127
2014,6,新北市,0.879475,11.32,240
2014,6,新竹市,1.8266399999999998,16.0,25
2014,6,新竹縣,0.9864333333333334,4.0,60
2014,6,桃園市,0.9411764705882353,20.0,102
2014,6,澎湖縣,6.831689655172414,35.714,29
2014,6,臺中市,1.9291338582677164,5.555,127
2014,6,臺北市,3.1028322981366463,46.0,161
2014,6,臺南市,7.703178233438485,48.0,634
2014,6,臺東縣,2.0523,16.666,80
2014,6,花蓮縣,0.38256818181818186,17.5,132
2014,6,苗栗縣,3.193888888888889,8.0,72
2014,6,金門縣,2.8,10.0,10
2014,6,雲林縣,0.8778625,4.0,80
2014,6,高雄市,8.47019600725953,64.948,551
2014,7,南投縣,2.1944444444444446,8.0,72
2014,7,嘉義市,0.8948695652173914,7.5,23
2014,7,嘉義縣,0.058795580110497236,3.846,181
2014,7,宜蘭縣,0.43165420560747664,4.0,107
2014,7,屏東縣,10.09889928057554,50.857,278
2014,7,彰化縣,1.7258064516129032,6.0,124
2014,7,新北市,0.7740882352941176,9.375,238
2014,7,新竹市,1.2221333333333333,14.0,30
2014,7,新竹縣,0.7231666666666666,6.0,66
2014,7,桃園市,1.0454545454545454,14.0,132
2014,7,澎湖縣,2.5487333333333333,10.0,45
2014,7,臺中市,1.9660983606557378,7.692,122
2014,7,臺北市,2.824814606741573,36.0,178
2014,7,臺南市,3.972990697674419,30.555,645
2014,7,臺東縣,1.3092962962962962,13.559,81
2014,7,花蓮縣,0.4857751937984496,10.0,129
2014,7,苗栗縣,3.108416666666667,8.0,72
2014,7,金門縣,0.0,0.0,9
2014,7,雲林縣,0.48665822784810125,4.0,79
2014,7,高雄市,5.716695700110253,36.842,907
2014,8,南投縣,1.6858648648648649,6.0,74
2014,8,嘉義市,1.2915833333333333,4.0,24
2014,8,嘉義縣,0.13813612565445027,6.0,191
2014,8,宜蘭縣,0.5147857142857143,4.166,98
2014,8,屏東縣,8.386218934911243,76.363,169
2014,8,彰化縣,2.0476190476190474,14.0,126
2014,8,新北市,0.6820445344129554,6.0,247
2014,8,新竹市,2.263709677419355,10.0,31
2014,8,新竹縣,0.8166027397260274,4.0,73
2014,8,桃園市,0.9739130434782609,10.0,115
2014,8,澎湖縣,4.577258064516129,27.586,31
2014,8,臺中市,1.7890381679389313,10.0,131
2014,8,臺北市,2.3256129032258066,16.0,186
2014,8,臺南市,6.040493006993007,64.0,572
2014,8,臺東縣,1.1966904761904762,8.0,84
2014,8,花蓮縣,0.6185463917525773,18.333,97
2014,8,苗栗縣,3.404605633802817,8.0,71
2014,8,金門縣,0.6578888888888889,3.921,9
2014,8,雲林縣,0.7680121951219513,16.071,82
2014,8,高雄市,6.533923708920188,49.333,852
2014,9,南投縣,1.725945205479452,8.0,73
2014,9,嘉義市,0.51945,3.75,20
2014,9,嘉義縣,0.04084375,3.921,192
2014,9,宜蘭縣,0.49961999999999995,8.0,100
2014,9,屏東縣,9.935215384615384,65.753,195
2014,9,彰化縣,2.0155038759689923,8.0,129
2014,9,新北市,0.5915495867768595,10.0,242
2014,9,新竹市,1.4285714285714286,16.0,28
2014,9,新竹縣,0.4883188405797102,6.0,69
2014,9,桃園市,0.4662576687116564,14.0,163
2014,9,澎湖縣,1.8392142857142857,8.0,42
2014,9,臺中市,1.6383464566929133,7.936,127
2014,9,臺北市,1.7857837837837838,19.23,185
2014,9,臺南市,5.497601246105919,60.0,642
2014,9,臺東縣,1.450409638554217,12.0,83
2014,9,花蓮縣,0.37037037037037035,5.0,108
2014,9,苗栗縣,2.7064657534246574,8.0,73
2014,9,金門縣,0.5714285714285714,4.0,7
2014,9,雲林縣,0.6677037037037037,9.09,81
2014,9,高雄市,5.606744058500914,64.0,1094
2014,10,南投縣,2.0277777777777777,8.0,72
2014,10,嘉義市,0.046296296296296294,1.25,27
2014,10,嘉義縣,0.3146214953271028,5.769,214
2014,10,宜蘭縣,0.6446320754716981,11.666,106
2014,10,屏東縣,4.500603305785123,23.926,121
2014,10,彰化縣,1.5846153846153845,8.0,130
2014,10,新北市,0.8517355371900827,11.666,242
2014,10,新竹市,1.348258064516129,4.0,31
2014,10,新竹縣,0.649359375,8.0,64
2014,10,桃園市,0.5673758865248227,30.0,141
2014,10,澎湖縣,2.3356,12.962,30
2014,10,臺中市,1.3648888888888888,4.0,135
2014,10,臺北市,1.754843137254902,22.0,204
2014,10,臺南市,3.3356824925816024,32.0,674
2014,10,臺東縣,1.241525,6.0,80
2014,10,花蓮縣,0.35790983606557375,6.0,122
2014,10,苗栗縣,3.3364736842105263,20.0,76
2014,10,金門縣,0.0,0.0,9
2014,10,雲林縣,0.4449512195121951,4.0,82
2014,10,高雄市,3.3539548335974643,40.909,1262
2014,11,南投縣,1.6417910447761195,10.0,67
2014,11,嘉義市,0.0,0.0,21
2014,11,嘉義縣,0.011944099378881988,1.923,161
2014,11,宜蘭縣,0.5867878787878787,8.823,99
2014,11,屏東縣,3.9546538461538465,41.666,78
2014,11,彰化縣,0.9868740157480315,4.0,127
2014,11,新北市,0.5000851063829788,5.0,235
2014,11,新竹市,1.4116666666666666,8.0,33
2014,11,新竹縣,0.5607868852459016,4.761,61
2014,11,桃園市,0.5909803921568627,18.0,102
2014,11,澎湖縣,0.7207368421052631,4.0,19
2014,11,臺中市,1.2805,18.0,134
2014,11,臺北市,1.9588834951456309,12.0,103
2014,11,臺南市,2.731735294117647,64.0,510
2014,11,臺東縣,1.2906282051282052,13.888,78
2014,11,花蓮縣,0.36790566037735856,6.666,106
2014,11,苗栗縣,2.5584507042253524,8.0,71
2014,11,金門縣,0.0,0.0,10
2014,11,雲林縣,0.35,3.921,79
2014,11,高雄市,1.9201387373343726,19.607,1283
2014,12,南投縣,1.411764705882353,6.0,68
2014,12,嘉義市,0.0,0.0,27
2014,12,嘉義縣,0.21923913043478263,16.666,138
2014,12,宜蘭縣,0.34507476635514023,7.843,107
2014,12,屏東縣,3.252696428571429,16.0,112
2014,12,彰化縣,0.9866666666666667,4.0,75
2014,12,新北市,0.4695144927536232,6.0,138
2014,12,新竹市,1.126344827586207,4.0,29
2014,12,新竹縣,0.3668620689655172,4.0,58
2014,12,桃園市,0.35714285714285715,6.0,84
2014,12,澎湖縣,0.18514999999999998,3.703,20
2014,12,臺中市,0.9578387096774192,5.769,93
2014,12,臺北市,1.520170731707317,18.0,82
2014,12,臺南市,1.8474176991150442,18.0,565
2014,12,臺東縣,2.1257866666666665,17.361,75
2014,12,花蓮縣,0.2545454545454545,6.0,110
2014,12,苗栗縣,2.5935135135135132,16.0,37
2014,12,金門縣,0.0,0.0,7
2014,12,雲林縣,0.2750253164556962,3.921,79
2014,12,高雄市,1.8513189113747384,24.873,1433
2015,1,南投縣,1.325,6.0,80
2015,1,嘉義市,0.32195454545454544,3.333,22
2015,1,嘉義縣,0.04546987951807229,1.923,83
2015,1,基隆市,0.0,0.0,8
2015,1,宜蘭縣,0.18267708333333332,2.0,96
2015,1,屏東縣,1.6252191780821916,15.596,73
2015,1,彰化縣,0.8378378378378378,8.0,74
2015,1,新北市,0.6214918032786886,4.0,122
2015,1,新竹市,1.1554666666666666,4.0,30
2015,1,新竹縣,0.42198360655737704,4.0,61
2015,1,桃園市,0.6785714285714286,8.0,56
2015,1,澎湖縣,0.3438823529411765,3.846,17
2015,1,臺中市,0.996,4.0,78
2015,1,臺北市,0.49292156862745096,4.0,51
2015,1,臺南市,0.5539483870967742,12.0,155
2015,1,臺東縣,1.3634754098360655,11.578,61
2015,1,花蓮縣,0.3933693693693694,16.666,111
2015,1,苗栗縣,2.6241714285714286,8.0,35
2015,1,連江縣,0.0,0.0,5
2015,1,雲林縣,0.2717931034482759,3.846,87
2015,1,高雄市,2.1786383248730967,44.0,788
2015,2,南投縣,1.45,6.0,80
2015,2,嘉義市,0.10869565217391304,2.5,23
2015,2,嘉義縣,0.0,0.0,74
2015,2,基隆市,0.0,0.0,8
2015,2,宜蘭縣,0.26787755102040817,4.285,98
2015,2,屏東縣,1.8260289855072462,20.588,69
2015,2,彰化縣,0.5142857142857142,4.0,70
2015,2,新北市,0.5506209677419355,20.0,124
2015,2,新竹市,0.6332666666666668,4.0,30
2015,2,新竹縣,0.6551111111111111,7.692,63
2015,2,桃園市,0.37735849056603776,4.0,53
2015,2,澎湖縣,0.33068181818181813,3.389,22
2015,2,臺中市,0.8403157894736841,4.0,76
2015,2,臺北市,0.32304255319148933,4.0,47
2015,2,臺南市,0.3426730769230769,6.0,156
2015,2,臺東縣,1.1827575757575757,10.256,66
2015,2,花蓮縣,0.26058181818181814,8.0,110
2015,2,苗栗縣,2.681314285714286,8.0,35
2015,2,連江縣,0.0,0.0,2
2015,2,金門縣,0.0,0.0,7
2015,2,雲林縣,0.32511392405063294,3.921,79
2015,2,高雄市,1.6358407258064516,28.0,496
2015,3,南投縣,1.3164556962025316,4.0,79
2015,3,嘉義市,0.07572727272727273,1.666,22
2015,3,嘉義縣,0.040085889570552154,2.857,163
2015,3,基隆市,0.0,0.0,13
2015,3,宜蘭縣,0.23523,5.0,100
2015,3,屏東縣,1.3206,5.555,110
2015,3,彰化縣,0.9949444444444444,8.0,72
2015,3,新北市,0.6364015748031496,16.0,127
2015,3,新竹市,0.9646666666666667,4.0,30
2015,3,新竹縣,0.7374745762711865,5.66,59
2015,3,桃園市,0.2028985507246377,4.0,69
2015,3,澎湖縣,0.5016315789473684,3.571,19
2015,3,臺中市,1.024095744680851,3.921,94
2015,3,臺北市,0.7896885245901639,8.0,61
2015,3,臺南市,1.5132588424437299,18.0,622
2015,3,臺東縣,0.8296901408450704,6.0,71
2015,3,花蓮縣,0.42808823529411766,5.0,102
2015,3,苗栗縣,2.910942857142857,6.0,35
2015,3,連江縣,0.0,0.0,5
2015,3,金門縣,0.2857142857142857,2.0,7
2015,3,雲林縣,0.3220375,4.0,80
2015,3,高雄市,2.404737268518519,26.0,864
2015,4,南投縣,1.5384615384615385,6.0,78
2015,4,嘉義市,0.0,0.0,21
2015,4,嘉義縣,0.06265034965034964,3.703,143
2015,4,基隆市,0.5,2.0,4
2015,4,宜蘭縣,0.4325480769230769,8.0,104
2015,4,屏東縣,1.204731884057971,6.572,138
2015,4,彰化縣,0.8611111111111112,4.0,72
2015,4,新北市,0.624793893129771,8.0,131
2015,4,新竹市,1.079,6.0,30
2015,4,新竹縣,0.8483833333333333,4.0,60
2015,4,桃園市,0.5396825396825397,10.0,63
2015,4,澎湖縣,0.4444444444444444,2.0,18
2015,4,臺中市,1.235875,4.0,88
2015,4,臺北市,0.9628382352941176,7.272,136
2015,4,臺南市,1.8472470588235295,23.333,510
2015,4,臺東縣,1.076625,8.064,80
2015,4,花蓮縣,0.32968478260869566,3.333,92
2015,4,苗栗縣,2.99675,8.0,36
2015,4,連江縣,0.0,0.0,4
2015,4,金門縣,0.5,2.0,8
2015,4,雲林縣,0.4472051282051282,3.846,78
2015,4,高雄市,2.159377379619261,16.0,893
2015,5,南投縣,1.4683544303797469,6.0,79
2015,5,嘉義市,0.05434782608695652,1.25,23
2015,5,嘉義縣,0.0651987951807229,3.846,166
2015,5,基隆市,0.0,0.0,6
2015,5,宜蘭縣,0.47289320388349515,6.0,103
2015,5,屏東縣,1.516170068027211,8.333,147
2015,5,彰化縣,1.68,6.0,75
2015,5,新北市,0.49184076433121016,6.0,157
2015,5,新竹市,1.0179,4.0,30
2015,5,新竹縣,0.7160757575757576,5.882,66
2015,5,桃園市,0.5121951219512195,6.0,82
2015,5,澎湖縣,1.727923076923077,15.384,26
2015,5,臺中市,2.08325,8.0,84
2015,5,臺北市,1.6144057971014494,12.0,138
2015,5,臺南市,4.289672995780591,39.13,474
2015,5,臺東縣,1.1318333333333332,10.0,78
2015,5,花蓮縣,0.5591397849462365,10.0,93
2015,5,苗栗縣,3.741538461538462,14.0,39
2015,5,連江縣,0.0,0.0,5
2015,5,金門縣,0.7791428571428572,3.636,7
2015,5,雲林縣,0.4614936708860759,4.0,79
2015,5,高雄市,3.488210909090909,49.09,825
2015,6,南投縣,1.2564102564102564,6.0,78
2015,6,嘉義市,0.16665000000000002,3.333,20
2015,6,嘉義縣,0.06246067415730337,1.923,178
2015,6,基隆市,0.0,0.0,6
2015,6,宜蘭縣,0.28323711340206187,4.0,97
2015,6,屏東縣,2.4621623036649214,38.888,191
2015,6,彰化縣,1.5555555555555556,8.0,126
2015,6,新北市,0.7704050632911393,24.0,237
2015,6,新竹市,2.1838965517241378,34.0,29
2015,6,新竹縣,0.8013709677419355,13.725,62
2015,6,桃園市,0.9230769230769231,22.0,117
2015,6,澎湖縣,6.20495,42.307,20
2015,6,臺中市,2.076875968992248,16.0,129
2015,6,臺北市,3.1118653846153848,20.0,156
2015,6,臺南市,4.80278079710145,30.0,552
2015,6,臺東縣,1.2817560975609756,8.0,82
2015,6,花蓮縣,0.4701578947368421,6.666,95
2015,6,苗栗縣,3.4328028169014084,8.0,71
2015,6,連江縣,0.0,0.0,5
2015,6,金門縣,1.481111111111111,4.0,9
2015,6,雲林縣,0.5369876543209877,4.0,81
2015,6,高雄市,3.987297435897436,42.0,1170
2015,7,南投縣,1.275,4.0,80
2015,7,嘉義市,1.1079166666666667,9.09,24
2015,7,嘉義縣,0.15549689440993789,5.769,161
2015,7,基隆市,0.0,0.0,5
2015,7,宜蘭縣,0.3248,6.666,105
2015,7,屏東縣,5.794232044198895,48.0,181
2015,7,彰化縣,1.1869918699186992,8.0,123
2015,7,新北市,0.41907391304347824,10.0,230
2015,7,新竹市,1.1333333333333333,4.0,30
2015,7,新竹縣,0.9539344262295082,7.547,61
2015,7,桃園市,0.4745762711864407,6.0,118
2015,7,澎湖縣,2.5864166666666666,12.0,36
2015,7,臺中市,1.837953125,6.0,128
2015,7,臺北市,3.3624296296296294,24.0,135
2015,7,臺南市,6.0609614961496145,38.0,909
2015,7,臺東縣,0.8322278481012657,4.0,79
2015,7,花蓮縣,0.6288556701030928,8.333,97
2015,7,苗栗縣,3.0403611111111113,8.0,72
2015,7,連江縣,0.0,0.0,5
2015,7,金門縣,1.4285714285714286,4.0,7
2015,7,雲林縣,0.46330864197530863,3.921,81
2015,7,高雄市,5.75116628830874,58.0,1762
2015,8,南投縣,1.3076923076923077,6.0,78
2015,8,嘉義市,2.155103448275862,16.25,29
2015,8,嘉義縣,0.5545192307692308,9.23,416
2015,8,基隆市,0.0,0.0,6
2015,8,宜蘭縣,0.4275816326530612,8.0,98
2015,8,屏東縣,5.548738888888889,54.901,180
2015,8,彰化縣,1.2580645161290323,6.0,124
2015,8,新北市,0.78396484375,30.0,256
2015,8,新竹市,3.699056603773585,16.0,53
2015,8,新竹縣,1.1382096774193549,10.0,62
2015,8,桃園市,1.5475389221556888,20.0,167
2015,8,澎湖縣,2.5088333333333335,25.49,36
2015,8,臺中市,2.071878787878788,17.142,198
2015,8,臺北市,3.544809523809524,46.0,126
2015,8,臺南市,3.4895,38.961,696
2015,8,臺東縣,1.227142857142857,7.843,77
2015,8,花蓮縣,0.5848962264150943,6.666,106
2015,8,苗栗縣,3.3204864864864865,9.756,74
2015,8,連江縣,0.0,0.0,5
2015,8,金門縣,2.0,4.0,6
2015,8,雲林縣,0.6321428571428571,6.0,84
2015,8,高雄市,5.790355123674911,50.98,1132
2015,9,南投縣,1.8181818181818181,16.0,99
2015,9,嘉義市,1.1168214285714286,5.454,28
2015,9,嘉義縣,0.3348390243902439,10.0,205
2015,9,基隆市,0.6666666666666666,4.0,6
2015,9,宜蘭縣,1.4663181818181816,28.0,110
2015,9,屏東縣,4.009673333333334,41.284,150
2015,9,彰化縣,1.9699248120300752,8.0,133
2015,9,新北市,1.2052442528735632,28.0,348
2015,9,新竹市,7.576352941176471,140.0,85
2015,9,新竹縣,1.7129333333333332,10.0,60
2015,9,桃園市,2.959538617886179,58.75,492
2015,9,澎湖縣,6.862133333333333,36.0,30
2015,9,臺中市,2.1292008032128518,12.0,249
2015,9,臺北市,2.3336211604095562,29.23,293
2015,9,臺南市,2.210264367816092,28.571,435
2015,9,臺東縣,2.1605822784810127,47.272,79
2015,9,花蓮縣,0.8571428571428571,12.0,98
2015,9,苗栗縣,4.13672,8.333,75
2015,9,金門縣,3.057818181818182,6.0,11
2015,9,雲林縣,1.6997444444444445,11.538,90
2015,9,高雄市,5.391617903930131,68.0,916
2015,10,南投縣,1.0,4.0,80
2015,10,嘉義市,0.5803571428571429,3.75,28
2015,10,嘉義縣,0.20258333333333337,7.407,180
2015,10,基隆市,0.0,0.0,6
2015,10,宜蘭縣,0.8037788461538462,6.25,104
2015,10,屏東縣,2.219198757763975,19.607,161
2015,10,彰化縣,1.522673611111111,8.0,144
2015,10,新北市,1.4721072664359862,20.0,289
2015,10,新竹市,4.2910200000000005,42.307,50
2015,10,新竹縣,1.7146129032258064,40.0,62
2015,10,桃園市,1.5367310126582279,20.0,316
2015,10,澎湖縣,3.291848484848485,15.384,33
2015,10,臺中市,1.454257142857143,8.0,210
2015,10,臺北市,2.5625901639344266,41.538,244
2015,10,臺南市,0.8739901408450704,16.0,710
2015,10,臺東縣,1.3283513513513514,10.0,74
2015,10,花蓮縣,0.43333333333333335,8.0,90
2015,10,苗栗縣,3.1702999999999997,8.0,70
2015,10,金門縣,2.3185999999999996,8.0,15
2015,10,雲林縣,1.0024886363636363,9.09,88
2015,10,高雄市,2.643353871773522,32.0,1201
2015,11,南投縣,0.922077922077922,4.0,77
2015,11,嘉義市,0.04310344827586207,1.25,29
2015,11,嘉義縣,0.038816901408450705,1.923,142
2015,11,基隆市,0.0,0.0,4
2015,11,宜蘭縣,0.6938557692307692,10.0,104
2015,11,屏東縣,2.6717984496124028,51.724,129
2015,11,彰化縣,0.8372093023255814,6.0,129
2015,11,新北市,0.6835961538461539,16.0,260
2015,11,新竹市,3.0314912280701756,14.0,57
2015,11,新竹縣,0.5533015873015873,5.882,63
2015,11,桃園市,0.7327128712871288,9.433,101
2015,11,澎湖縣,1.2376,7.547,30
2015,11,臺中市,1.0677533333333333,4.0,150
2015,11,臺北市,0.7904888888888888,8.0,135
2015,11,臺南市,0.5892493403693931,11.764,758
2015,11,臺東縣,1.3426799999999999,10.909,75
2015,11,花蓮縣,0.5263157894736842,6.0,95
2015,11,苗栗縣,2.588235294117647,6.0,68
2015,11,金門縣,0.0,0.0,7
2015,11,雲林縣,0.6108904109589041,3.846,73
2015,11,高雄市,1.6068774468085105,23.232,1175
2015,12,南投縣,0.9113924050632911,4.0,79
2015,12,嘉義市,0.46664,5.0,25
2015,12,嘉義縣,0.042045454545454546,2.702,110
2015,12,基隆市,0.0,0.0,4
2015,12,宜蘭縣,0.4009405940594059,4.0,101
2015,12,屏東縣,1.40101878914405,21.153,479
2015,12,彰化縣,0.7123287671232876,8.0,73
2015,12,新北市,0.7506553672316385,14.0,177
2015,12,新竹市,2.3318363636363637,10.0,55
2015,12,新竹縣,0.6053387096774193,4.0,62
2015,12,桃園市,0.7994594594594594,20.0,74
2015,12,澎湖縣,0.4625714285714286,2.0,21
2015,12,臺中市,1.0411621621621623,4.0,111
2015,12,臺北市,0.6315568181818182,4.0,88
2015,12,臺南市,0.38677806122448977,8.0,392
2015,12,臺東縣,1.4338630136986301,20.0,73
2015,12,花蓮縣,0.24675324675324675,4.0,77
2015,12,苗栗縣,2.0555555555555554,6.0,36
2015,12,金門縣,0.0,0.0,7
2015,12,雲林縣,0.2929102564102564,3.846,78
2015,12,高雄市,1.0690106544901066,27.642,1314
2016,1,南投縣,0.7692307692307693,2.0,78
2016,1,嘉義市,0.05434782608695652,1.25,23
2016,1,嘉義縣,0.07315909090909091,1.886,88
2016,1,基隆市,0.6666666666666666,6.0,24
2016,1,宜蘭縣,0.5667083333333334,26.0,96
2016,1,屏東縣,2.7645,31.372,86
2016,1,彰化縣,1.131578947368421,6.0,76
2016,1,新北市,0.31524886877828057,4.0,221
2016,1,新竹市,1.2819767441860466,6.0,43
2016,1,新竹縣,0.6481333333333333,7.692,60
2016,1,桃園市,0.4230769230769231,4.0,52
2016,1,澎湖縣,0.3184,2.0,25
2016,1,臺中市,0.9629770114942529,4.0,87
2016,1,臺北市,0.7225820895522388,6.153,67
2016,1,臺南市,0.31644520547945204,6.0,146
2016,1,臺東縣,1.5645753424657534,17.46,73
2016,1,花蓮縣,0.4019607843137255,16.0,102
2016,1,苗栗縣,2.2285714285714286,6.0,35
2016,1,金門縣,0.2857142857142857,2.0,7
2016,1,雲林縣,0.3146707317073171,6.0,82
2016,1,高雄市,1.4606873977086743,16.071,611
2016,2,南投縣,1.1282051282051282,4.0,78
2016,2,嘉義市,0.46664,3.75,25
2016,2,嘉義縣,0.05268493150684932,1.923,73
2016,2,基隆市,0.75,6.0,24
2016,2,宜蘭縣,0.24645263157894737,4.0,95
2016,2,屏東縣,2.0105393258426965,16.0,89
2016,2,彰化縣,1.027027027027027,6.0,74
2016,2,新北市,0.26205286343612333,4.0,227
2016,2,新竹市,0.975,5.0,40
2016,2,新竹縣,0.5270833333333333,4.0,60
2016,2,桃園市,1.0253055555555557,16.071,36
2016,2,澎湖縣,0.2021666666666667,2.0,18
2016,2,臺中市,0.8948172043010753,7.407,93
2016,2,臺北市,0.31349999999999995,2.666,62
2016,2,臺南市,0.253234375,5.454,128
2016,2,臺東縣,1.1040281690140845,14.754,71
2016,2,花蓮縣,0.3979591836734694,6.0,98
2016,2,苗栗縣,2.161081081081081,8.0,37
2016,2,金門縣,0.0,0.0,7
2016,2,雲林縣,0.266358024691358,2.0,81
2016,2,高雄市,1.600135935397039,40.0,743
2016,3,南投縣,1.0886075949367089,4.0,79
2016,3,嘉義市,0.471,8.641,21
2016,3,嘉義縣,0.26696,9.259,150
2016,3,基隆市,0.6666666666666666,6.0,24
2016,3,宜蘭縣,0.23729245283018865,2.0,106
2016,3,屏東縣,2.0454845360824745,19.298,194
2016,3,彰化縣,0.9684594594594594,6.0,74
2016,3,新北市,0.4711298701298701,5.882,231
2016,3,新竹市,1.2430454545454546,6.0,44
2016,3,新竹縣,0.5561147540983606,4.0,61
2016,3,桃園市,0.6586296296296297,7.272,54
2016,3,澎湖縣,0.30794736842105264,2.0,19
2016,3,臺中市,0.8189898989898989,4.0,99
2016,3,臺北市,0.6674285714285715,4.0,63
2016,3,臺南市,0.9374190358467243,16.0,809
2016,3,臺東縣,0.9120632911392405,6.0,79
2016,3,花蓮縣,0.4411473684210526,6.0,95
2016,3,苗栗縣,2.554444444444444,8.0,36
2016,3,金門縣,0.0,0.0,7
2016,3,雲林縣,0.3738227848101266,3.846,79
2016,3,高雄市,1.5776006666666667,23.529,1500
2016,4,南投縣,0.975609756097561,4.0,82
2016,4,嘉義市,0.6865294117647058,3.636,17
2016,4,嘉義縣,0.4327857142857143,9.433,168
2016,4,基隆市,0.8461538461538461,6.0,26
2016,4,宜蘭縣,0.2580909090909091,2.0,99
2016,4,屏東縣,3.851872448979592,31.372,196
2016,4,彰化縣,1.2987012987012987,8.0,77
2016,4,新北市,0.4531772151898734,4.0,237
2016,4,新竹市,1.531275,6.0,40
2016,4,新竹縣,0.756758064516129,6.0,62
2016,4,桃園市,1.4297142857142857,8.0,140
2016,4,澎湖縣,0.8666666666666667,12.0,90
2016,4,臺中市,1.3993809523809524,8.0,84
2016,4,臺北市,0.9535257142857142,16.0,175
2016,4,臺南市,0.7792333333333333,32.0,420
2016,4,臺東縣,0.9847721518987341,4.0,79
2016,4,花蓮縣,0.7662178217821782,24.0,101
2016,4,苗栗縣,2.4978055555555554,6.0,36
2016,4,金門縣,0.5714285714285714,4.0,7
2016,4,雲林縣,0.6517631578947368,6.0,76
2016,4,高雄市,2.2886176470588233,32.142,442
2016,5,南投縣,1.2297564102564102,4.0,78
2016,5,嘉義市,0.5034583333333333,8.333,24
2016,5,嘉義縣,0.2686045197740113,7.142,177
2016,5,基隆市,0.8823529411764706,6.0,34
2016,5,宜蘭縣,0.40495876288659793,3.333,97
2016,5,屏東縣,3.5352797202797204,82.352,286
2016,5,彰化縣,1.7353417721518989,8.0,79
2016,5,新北市,0.5944724409448819,10.0,254
2016,5,新竹市,1.8597045454545453,8.0,44
2016,5,新竹縣,0.7045901639344263,6.557,61
2016,5,桃園市,1.6000270270270271,12.0,222
2016,5,澎湖縣,2.3861363636363637,40.0,176
2016,5,臺中市,1.906018691588785,16.363,107
2016,5,臺北市,1.9192012195121952,17.5,164
2016,5,臺南市,1.7121699604743084,28.0,759
2016,5,臺東縣,0.9383928571428571,7.692,84
2016,5,花蓮縣,0.90625,16.0,96
2016,5,苗栗縣,3.125153846153846,8.0,39
2016,5,金門縣,1.446375,4.0,8
2016,5,雲林縣,0.649967032967033,4.0,91
2016,5,高雄市,2.1659502982107357,29.213,503
2016,6,南投縣,1.276475,8.333,80
2016,6,嘉義市,0.71175,3.75,24
2016,6,嘉義縣,0.25578260869565217,5.769,207
2016,6,基隆市,0.9142857142857143,6.0,35
2016,6,宜蘭縣,0.38987619047619043,6.0,105
2016,6,屏東縣,6.537905913978495,47.272,372
2016,6,彰化縣,1.064516129032258,8.0,124
2016,6,新北市,0.5933649425287356,14.0,348
2016,6,新竹市,2.490869565217391,16.0,92
2016,6,新竹縣,0.703857142857143,6.0,63
2016,6,桃園市,1.9136,32.0,215
2016,6,澎湖縣,1.834006211180124,29.629,161
2016,6,臺中市,1.6663623188405796,7.547,138
2016,6,臺北市,1.5288240343347639,13.223,233
2016,6,臺南市,2.649796005706134,66.0,701
2016,6,臺東縣,1.23073417721519,10.714,79
2016,6,花蓮縣,0.45054945054945056,8.0,91
2016,6,苗栗縣,3.256,8.0,70
2016,6,金門縣,0.75,2.0,8
2016,6,雲林縣,0.6675657894736842,4.0,76
2016,6,高雄市,2.9409814814814816,46.0,324
2016,7,南投縣,1.1998333333333333,4.0,78
2016,7,嘉義市,0.7708,3.75,20
2016,7,嘉義縣,0.5114415584415585,7.407,231
2016,7,基隆市,0.7777777777777778,6.0,36
2016,7,宜蘭縣,0.40725510204081633,4.0,98
2016,7,屏東縣,6.445599406528189,45.283,337
2016,7,彰化縣,1.380952380952381,6.0,126
2016,7,新北市,0.5608260869565218,8.0,345
2016,7,新竹市,0.883225,4.0,40
2016,7,新竹縣,0.7492222222222222,8.0,63
2016,7,桃園市,1.8840406091370558,20.0,197
2016,7,澎湖縣,0.918354609929078,10.714,141
2016,7,臺中市,1.6178646616541352,8.0,133
2016,7,臺北市,1.3340421686746988,18.0,166
2016,7,臺南市,2.5301755888650965,38.0,467
2016,7,臺東縣,1.1728607594936709,6.0,79
2016,7,花蓮縣,0.6534653465346535,14.0,101
2016,7,苗栗縣,2.756887323943662,8.0,71
2016,7,金門縣,0.865,2.0,9
2016,7,雲林縣,0.5290897435897436,4.0,78
2016,7,高雄市,2.122865329512894,22.0,349
2016,8,南投縣,1.2307692307692308,4.0,78
2016,8,嘉義市,0.4528695652173913,3.75,23
2016,8,嘉義縣,0.8953823529411764,25.0,272
2016,8,基隆市,1.3076923076923077,6.0,26
2016,8,宜蘭縣,0.4390882352941176,4.0,102
2016,8,屏東縣,5.914419947506563,42.727,381
2016,8,彰化縣,1.4796747967479675,8.0,123
2016,8,新北市,0.5405222551928783,8.0,337
2016,8,新竹市,1.173625,6.0,40
2016,8,新竹縣,0.618171875,8.196,64
2016,8,桃園市,2.064233502538071,20.0,197
2016,8,澎湖縣,0.971,16.0,172
2016,8,臺中市,1.5548896551724138,8.0,145
2016,8,臺北市,1.0521780821917808,6.0,146
2016,8,臺南市,2.782661849710983,44.23,1384
2016,8,臺東縣,1.2802235294117648,24.285,85
2016,8,花蓮縣,0.6697247706422018,8.0,109
2016,8,苗栗縣,3.0840285714285716,8.0,70
2016,8,金門縣,0.8571428571428571,4.0,7
2016,8,雲林縣,0.7171818181818181,4.0,77
2016,8,高雄市,3.770383647798742,36.0,477
2016,9,南投縣,1.1794871794871795,4.0,78
2016,9,嘉義市,0.9630000000000001,4.878,23
2016,9,嘉義縣,0.226875,13.888,232
2016,9,基隆市,1.2413793103448276,8.0,29
2016,9,宜蘭縣,0.5363529411764706,4.0,102
2016,9,屏東縣,5.2333452380952385,46.0,252
2016,9,彰化縣,1.4603174603174602,8.0,126
2016,9,新北市,0.41033628318584064,4.0,339
2016,9,新竹市,1.041375,4.0,40
2016,9,新竹縣,0.5294333333333333,5.555,60
2016,9,桃園市,1.5646699029126214,16.0,103
2016,9,澎湖縣,2.4965724137931034,50.0,145
2016,9,臺中市,1.6967428571428573,8.0,140
2016,9,臺北市,1.6525063291139241,18.461,158
2016,9,臺南市,4.14419347826087,42.0,460
2016,9,臺東縣,1.0448488372093023,7.017,86
2016,9,花蓮縣,0.5360824742268041,8.0,97
2016,9,苗栗縣,3.1153235294117643,8.0,68
2016,9,金門縣,0.5714285714285714,4.0,7
2016,9,雲林縣,0.6855625,4.0,80
2016,9,高雄市,3.9880672268907564,29.007,357
2016,10,南投縣,1.1510897435897436,4.0,78
2016,10,嘉義市,0.8487037037037036,8.75,27
2016,10,嘉義縣,0.19741851851851852,5.769,270
2016,10,基隆市,1.0,6.0,30
2016,10,宜蘭縣,0.452030303030303,3.448,99
2016,10,屏東縣,4.929158959537572,64.705,346
2016,10,彰化縣,1.2727272727272727,8.0,132
2016,10,新北市,0.39874041297935103,4.0,339
2016,10,新竹市,1.0470975609756097,8.0,41
2016,10,新竹縣,0.41746774193548386,4.0,62
2016,10,桃園市,1.2000217391304349,6.0,46
2016,10,澎湖縣,3.551712328767123,38.0,146
2016,10,臺中市,1.4212142857142858,6.0,126
2016,10,臺北市,1.9277633136094674,14.285,169
2016,10,臺南市,4.037096,90.0,375
2016,10,臺東縣,1.0389733333333333,8.333,75
2016,10,花蓮縣,0.42718446601941745,8.0,103
2016,10,苗栗縣,2.8055555555555554,8.0,72
2016,10,金門縣,1.1428571428571428,4.0,7
2016,10,雲林縣,0.6805333333333333,5.882,75
2016,10,高雄市,3.4826415094339627,40.0,424
2016,11,南投縣,1.0769230769230769,4.0,78
2016,11,嘉義市,0.8204561403508772,7.142,171
2016,11,嘉義縣,0.03833760683760684,3.846,234
2016,11,基隆市,0.7586206896551724,6.0,29
2016,11,宜蘭縣,0.36646938775510207,4.0,98
2016,11,屏東縣,3.062105263157895,33.962,475
2016,11,彰化縣,0.9047619047619048,8.0,126
2016,11,新北市,0.3610589970501475,16.0,339
2016,11,新竹市,1.0883666666666665,6.0,30
2016,11,新竹縣,0.33198275862068966,6.0,58
2016,11,桃園市,1.5817999999999999,4.0,10
2016,11,澎湖縣,1.2760354609929077,20.0,141
2016,11,臺中市,1.2422377049180329,4.0,122
2016,11,臺北市,1.9640736842105262,24.39,95
2016,11,臺南市,1.1099633867276888,14.0,437
2016,11,臺東縣,1.1262533333333333,8.0,75
2016,11,花蓮縣,0.4880952380952381,10.0,84
2016,11,苗栗縣,2.830769230769231,6.0,65
2016,11,金門縣,0.2857142857142857,2.0,7
2016,11,雲林縣,0.5032463768115941,4.0,69
2016,11,高雄市,2.1371757387247277,22.0,643
2016,12,南投縣,1.1506849315068493,4.0,73
2016,12,嘉義市,0.11215384615384615,1.666,26
2016,12,嘉義縣,0.010201183431952662,1.724,169
2016,12,基隆市,0.8333333333333334,6.0,24
2016,12,宜蘭縣,0.38731000000000004,4.0,100
2016,12,屏東縣,2.5250248565965583,24.705,523
2016,12,彰化縣,0.9577464788732394,6.0,71
2016,12,新北市,0.3709224137931035,20.0,232
2016,12,新竹市,0.4784838709677419,2.0,31
2016,12,新竹縣,0.155625,4.0,64
2016,12,桃園市,2.424,13.75,12
2016,12,澎湖縣,0.9654225352112676,18.0,142
2016,12,臺中市,1.4049411764705884,19.607,85
2016,12,臺北市,2.24704,14.0,100
2016,12,臺南市,1.3129398496240603,24.0,399
2016,12,臺東縣,0.9648552631578946,5.454,76
2016,12,花蓮縣,0.4126984126984127,6.0,63
2016,12,苗栗縣,2.3076923076923075,8.0,39
2016,12,金門縣,0.0,0.0,7
2016,12,雲林縣,0.4579833333333333,4.0,60
2016,12,高雄市,1.7995395430579966,30.0,569
2017,1,南投縣,1.178082191780822,4.0,73
2017,1,嘉義市,0.8862380952380953,5.0,21
2017,1,嘉義縣,0.11881250000000002,3.773,80
2017,1,基隆市,0.6428571428571429,6.0,28
2017,1,宜蘭縣,0.4059191919191919,8.0,99
2017,1,屏東縣,1.7864,11.29,175
2017,1,彰化縣,1.0285714285714285,6.0,70
2017,1,新北市,0.23976211453744495,4.0,227
2017,1,新竹市,0.8370333333333334,4.0,30
2017,1,新竹縣,0.2543770491803279,4.0,61
2017,1,桃園市,0.6,2.0,10
2017,1,澎湖縣,0.9624102564102563,4.0,39
2017,1,臺中市,1.079125,6.0,80
2017,1,臺北市,1.0652285714285714,5.0,70
2017,1,臺南市,0.7463229166666667,13.414,384
2017,1,臺東縣,0.8220588235294117,6.0,68
2017,1,花蓮縣,0.1836734693877551,2.0,98
2017,1,苗栗縣,2.1818181818181817,8.0,33
2017,1,金門縣,0.2857142857142857,2.0,7
2017,1,雲林縣,0.2691590909090909,2.0,44
2017,1,高雄市,1.7313686868686868,16.0,396
2017,2,南投縣,1.1495641025641026,6.0,78
2017,2,嘉義市,0.04807692307692308,1.25,26
2017,2,嘉義縣,0.02160674157303371,1.923,89
2017,2,基隆市,0.5,4.0,28
2017,2,宜蘭縣,0.3829484536082474,3.076,97
2017,2,屏東縣,1.824463768115942,23.076,207
2017,2,彰化縣,0.5822133333333332,6.0,75
2017,2,新北市,0.24192825112107624,4.0,223
2017,2,新竹市,0.6866071428571429,4.0,28
2017,2,新竹縣,0.532016129032258,7.692,62
2017,2,桃園市,0.46275,1.851,4
2017,2,澎湖縣,0.25,2.0,40
2017,2,臺中市,0.8227764705882352,4.0,85
2017,2,臺北市,0.6032876712328767,4.0,73
2017,2,臺南市,0.2588115183246073,4.0,382
2017,2,臺東縣,1.0134117647058825,4.0,68
2017,2,花蓮縣,0.5274725274725275,4.0,91
2017,2,苗栗縣,2.736842105263158,14.0,38
2017,2,金門縣,0.0,0.0,7
2017,2,雲林縣,0.2222325581395349,2.0,43
2017,2,高雄市,0.8613433962264151,10.0,265
2017,3,南投縣,1.0731707317073171,6.0,82
2017,3,嘉義市,0.39403571428571427,3.333,28
2017,3,嘉義縣,0.08400595238095238,3.636,168
2017,3,基隆市,0.5,4.0,28
2017,3,宜蘭縣,0.4206153846153846,4.0,104
2017,3,屏東縣,0.670918439716312,15.686,282
2017,3,彰化縣,0.9833521126760563,8.0,71
2017,3,新北市,0.5146866952789699,14.0,233
2017,3,新竹市,1.1747857142857143,4.0,28
2017,3,新竹縣,0.31651612903225806,4.0,62
2017,3,桃園市,1.1350500000000001,4.0,20
2017,3,澎湖縣,0.6811224489795918,5.454,49
2017,3,臺中市,1.4682142857142857,6.0,84
2017,3,臺北市,0.7401351351351351,5.263,74
2017,3,臺南市,0.7377943262411347,14.0,423
2017,3,臺東縣,1.1291315789473684,6.0,76
2017,3,花蓮縣,0.48484848484848486,6.0,99
2017,3,苗栗縣,2.1142857142857143,4.0,35
2017,3,金門縣,0.0,0.0,7
2017,3,雲林縣,0.24104878048780487,4.0,41
2017,3,高雄市,0.8029534883720931,10.0,473
2017,4,南投縣,1.3333333333333333,6.0,78
2017,4,嘉義市,0.5314023529411764,19.298,425
2017,4,嘉義縣,0.033845714285714285,4.0,175
2017,4,基隆市,0.6666666666666666,6.0,30
2017,4,宜蘭縣,0.43904040404040406,4.0,99
2017,4,屏東縣,1.893808163265306,23.636,245
2017,4,彰化縣,1.1688311688311688,8.0,77
2017,4,新北市,0.6821680672268907,6.0,238
2017,4,新竹市,1.5359032258064516,8.0,31
2017,4,新竹縣,0.5093225806451612,4.0,62
2017,4,桃園市,1.6181292517006802,12.0,147
2017,4,澎湖縣,0.24207926829268292,6.0,164
2017,4,臺中市,1.994720430107527,8.0,93
2017,4,臺北市,0.9577254901960784,8.0,204
2017,4,臺南市,1.1883890577507599,16.0,329
2017,4,臺東縣,0.7621052631578947,4.0,76
2017,4,花蓮縣,0.32,4.0,100
2017,4,苗栗縣,2.1176470588235294,8.0,34
2017,4,金門縣,0.2857142857142857,2.0,7
2017,4,雲林縣,0.3845,3.921,46
2017,4,高雄市,1.641861111111111,32.038,324
2017,5,南投縣,1.3846153846153846,6.0,78
2017,5,嘉義市,0.5286822429906541,40.322,321
2017,5,嘉義縣,0.02275739644970414,1.923,169
2017,5,基隆市,0.6976744186046512,6.0,43
2017,5,宜蘭縣,0.3561122448979592,4.0,98
2017,5,屏東縣,1.7197066666666665,58.333,225
2017,5,彰化縣,1.3546923076923076,20.0,78
2017,5,新北市,0.8356679104477612,12.0,268
2017,5,新竹市,1.5792,4.918,30
2017,5,新竹縣,0.38121311475409836,6.0,61
2017,5,桃園市,1.617752688172043,10.0,186
2017,5,澎湖縣,0.8903807339449542,24.0,218
2017,5,臺中市,1.585221052631579,4.0,95
2017,5,臺北市,1.244748717948718,8.196,195
2017,5,臺南市,2.0221072664359863,54.0,578
2017,5,臺東縣,1.198835294117647,7.407,85
2017,5,花蓮縣,0.42857142857142855,8.0,98
2017,5,苗栗縣,2.6,8.0,40
2017,5,金門縣,0.8571428571428571,4.0,7
2017,5,雲林縣,0.4197215189873418,3.921,79
2017,5,高雄市,2.4806098130841123,27.5,428
2017,6,南投縣,1.8636363636363635,6.0,88
2017,6,嘉義市,1.2633016304347826,34.0,368
2017,6,嘉義縣,0.06487878787878788,5.0,198
2017,6,基隆市,0.7441860465116279,6.0,43
2017,6,宜蘭縣,0.3671881188118812,4.0,101
2017,6,屏東縣,4.863323144104804,33.333,229
2017,6,彰化縣,1.4049586776859504,8.0,121
2017,6,新北市,0.8119851632047478,8.0,337
2017,6,新竹市,3.3730434782608696,13.513,23
2017,6,新竹縣,0.7199411764705883,11.32,68
2017,6,桃園市,2.0004193548387095,32.0,186
2017,6,澎湖縣,2.398851351351351,54.0,222
2017,6,臺中市,2.133145038167939,8.0,131
2017,6,臺北市,1.3698324324324325,10.0,185
2017,6,臺南市,5.6034617718446595,66.666,1648
2017,6,臺東縣,1.2753048780487806,9.433,82
2017,6,花蓮縣,0.3469387755102041,4.0,98
2017,6,苗栗縣,2.857142857142857,8.0,56
2017,6,金門縣,0.2857142857142857,2.0,7
2017,6,雲林縣,0.47739743589743594,4.166,78
2017,6,高雄市,5.50397521685254,141.333,807
2017,7,南投縣,1.508871794871795,7.692,78
2017,7,嘉義市,1.6235746031746032,35.0,315
2017,7,嘉義縣,0.010451086956521739,1.923,184
2017,7,基隆市,0.8095238095238095,6.0,42
2017,7,宜蘭縣,0.20877669902912624,4.0,103
2017,7,屏東縣,4.043857142857143,32.0,462
2017,7,彰化縣,1.3770491803278688,8.0,122
2017,7,新北市,0.6803592814371258,4.0,334
2017,7,新竹市,1.3962258064516129,4.166,31
2017,7,新竹縣,0.5321212121212121,8.0,66
2017,7,桃園市,1.9796338028169014,26.0,142
2017,7,澎湖縣,1.4707522935779818,36.0,218
2017,7,臺中市,1.902152,8.0,125
2017,7,臺北市,1.1312972972972972,10.344,148
2017,7,臺南市,3.543406189555126,38.0,517
2017,7,臺東縣,0.9778205128205127,7.692,78
2017,7,花蓮縣,0.7572815533980582,14.0,103
2017,7,苗栗縣,2.3593606557377047,8.0,61
2017,7,金門縣,1.1428571428571428,4.0,7
2017,7,雲林縣,0.5068333333333334,4.0,78
2017,7,高雄市,3.5395678092399407,23.529,671
2017,8,南投縣,1.4177215189873418,6.0,79
2017,8,嘉義市,0.49965248226950354,20.0,423
2017,8,嘉義縣,0.012976331360946745,1.923,169
2017,8,基隆市,0.8947368421052632,6.0,38
2017,8,宜蘭縣,0.26957000000000003,3.921,100
2017,8,屏東縣,4.523609037328094,63.636,509
2017,8,彰化縣,1.1578306451612903,8.0,124
2017,8,新北市,0.5854196428571429,4.0,336
2017,8,新竹市,1.2123333333333333,4.0,27
2017,8,新竹縣,0.331,4.0,66
2017,8,桃園市,1.3870616438356165,8.0,146
2017,8,澎湖縣,1.0542342342342341,16.0,222
2017,8,臺中市,2.1482587412587413,8.0,143
2017,8,臺北市,1.315964467005076,10.869,197
2017,8,臺南市,3.5971386986301366,44.0,584
2017,8,臺東縣,0.7414871794871795,7.692,78
2017,8,花蓮縣,0.48484848484848486,8.0,99
2017,8,苗栗縣,2.4066666666666667,8.0,54
2017,8,金門縣,0.8571428571428571,2.0,7
2017,8,雲林縣,0.426329268292683,5.769,82
2017,8,高雄市,3.3519510869565217,22.0,552
2017,9,南投縣,1.2658227848101267,4.0,79
2017,9,嘉義市,0.18865758754863812,12.5,514
2017,9,嘉義縣,0.028093922651933702,1.923,181
2017,9,基隆市,0.8421052631578947,6.0,38
2017,9,宜蘭縣,0.19270103092783505,4.0,97
2017,9,屏東縣,3.64402103250478,54.032,523
2017,9,彰化縣,0.9417920000000001,8.0,125
2017,9,新北市,0.485874251497006,4.0,334
2017,9,新竹市,1.3678518518518519,8.771,27
2017,9,新竹縣,0.513948275862069,4.0,58
2017,9,桃園市,1.1968583333333334,6.0,120
2017,9,澎湖縣,0.6057720930232557,16.0,215
2017,9,臺中市,1.6309596774193549,6.0,124
2017,9,臺北市,1.2140935672514621,6.034,171
2017,9,臺南市,2.850425755584757,44.0,761
2017,9,臺東縣,0.7457402597402597,7.142,77
2017,9,花蓮縣,0.4318181818181818,6.0,88
2017,9,苗栗縣,2.560701754385965,8.0,57
2017,9,金門縣,0.0,0.0,7
2017,9,雲林縣,0.31786250000000005,4.0,80
2017,9,高雄市,4.121171591992374,28.0,1049
2017,10,南投縣,1.95,60.0,80
2017,10,嘉義市,0.22811728395061728,7.692,324
2017,10,嘉義縣,0.061771428571428574,3.571,175
2017,10,基隆市,0.8,8.0,40
2017,10,宜蘭縣,0.25160204081632653,4.0,98
2017,10,屏東縣,2.658372921615202,18.0,421
2017,10,彰化縣,0.8,8.0,120
2017,10,新北市,0.561771676300578,6.0,346
2017,10,新竹市,1.427846153846154,4.0,26
2017,10,新竹縣,0.4644375,10.0,64
2017,10,桃園市,1.4540531914893617,8.0,94
2017,10,澎湖縣,0.5139298245614036,28.0,171
2017,10,臺中市,1.272864406779661,8.333,118
2017,10,臺北市,1.0546331360946746,7.792,169
2017,10,臺南市,1.4047338403041825,18.0,789
2017,10,臺東縣,0.8310000000000001,7.692,77
2017,10,花蓮縣,0.36363636363636365,6.0,88
2017,10,苗栗縣,2.357142857142857,8.0,56
2017,10,金門縣,0.0,0.0,7
2017,10,雲林縣,0.2765128205128205,3.921,78
2017,10,高雄市,3.4151780303030304,24.096,528
2017,11,南投縣,1.2307692307692308,4.0,78
2017,11,嘉義市,0.10001711491442541,5.66,409
2017,11,嘉義縣,0.09113513513513513,1.923,185
2017,11,基隆市,1.0,8.0,24
2017,11,宜蘭縣,0.3757029702970297,4.0,101
2017,11,屏東縣,2.1905264187866926,22.857,511
2017,11,彰化縣,0.8780487804878049,8.0,123
2017,11,新北市,0.46375766871165647,4.0,326
2017,11,新竹市,1.0189,6.0,20
2017,11,新竹縣,0.4262295081967213,6.0,61
2017,11,桃園市,0.9619,7.777,20
2017,11,澎湖縣,0.21256038647342995,8.0,207
2017,11,臺中市,1.1015403225806453,4.0,124
2017,11,臺北市,1.0928,6.0,85
2017,11,臺南市,1.4183563829787234,16.0,752
2017,11,臺東縣,0.6848148148148148,13.725,81
2017,11,花蓮縣,0.4852941176470588,6.0,85
2017,11,苗栗縣,2.2413793103448274,8.0,58
2017,11,金門縣,0.0,0.0,7
2017,11,雲林縣,0.31014473684210525,3.921,76
2017,11,高雄市,3.2991159737417943,32.758,914
2017,12,南投縣,1.1818181818181819,2.0,66
2017,12,嘉義市,0.14423076923076922,3.75,26
2017,12,嘉義縣,0.0319020979020979,2.777,143
2017,12,基隆市,0.64,6.0,25
2017,12,宜蘭縣,0.29197938144329894,2.0,97
2017,12,屏東縣,1.4637146341463416,23.214,410
2017,12,彰化縣,0.8169014084507042,6.0,71
2017,12,新北市,0.36249356223175966,4.0,233
2017,12,新竹市,0.44334482758620686,4.0,29
2017,12,新竹縣,0.5269047619047619,10.0,63
2017,12,桃園市,0.9966666666666667,4.0,6
2017,12,澎湖縣,0.06060606060606061,4.0,132
2017,12,臺中市,0.9893928571428571,4.0,84
2017,12,臺北市,0.9053472222222223,5.0,72
2017,12,臺南市,1.2199887101326559,32.0,3543
2017,12,臺東縣,0.6490133333333333,11.32,75
2017,12,花蓮縣,0.7712156862745099,6.0,51
2017,12,苗栗縣,1.9987878787878786,8.0,33
2017,12,金門縣,0.0,0.0,7
2017,12,雲林縣,0.1184,2.0,50
2017,12,高雄市,1.8943580998781973,23.0,821
2018,1,南投縣,1.1645569620253164,4.0,79
2018,1,嘉義市,0.10869565217391304,1.25,23
2018,1,嘉義縣,0.18602020202020203,4.411,99
2018,1,基隆市,0.6666666666666666,6.0,24
2018,1,宜蘭縣,0.1799009900990099,1.923,101
2018,1,屏東縣,1.2403491379310345,9.411,232
2018,1,彰化縣,0.7714285714285715,6.0,70
2018,1,新北市,0.443390350877193,4.0,228
2018,1,新竹市,0.6507619047619048,4.0,21
2018,1,新竹縣,0.3275666666666667,4.0,60
2018,1,桃園市,0.8571428571428571,4.0,7
2018,1,澎湖縣,0.9583333333333334,16.0,48
2018,1,臺中市,1.2052921348314607,4.0,89
2018,1,臺北市,0.6497419354838709,6.0,62
2018,1,臺南市,1.191349353569421,12.0,3558
2018,1,臺東縣,0.5503623188405797,7.812,69
2018,1,花蓮縣,0.40384615384615385,12.0,104
2018,1,苗栗縣,2.4824242424242424,12.0,33
2018,1,金門縣,0.0,0.0,12
2018,1,雲林縣,0.12702173913043477,1.96,46
2018,1,高雄市,2.216542372881356,13.461,118
2018,2,南投縣,1.1139240506329113,4.0,79
2018,2,嘉義市,0.0,0.0,16
2018,2,嘉義縣,0.33443478260869564,7.692,92
2018,2,基隆市,0.6086956521739131,6.0,23
2018,2,宜蘭縣,0.2820309278350515,2.0,97
2018,2,屏東縣,1.1048,20.0,195
2018,2,彰化縣,0.5915492957746479,8.0,71
2018,2,新北市,0.4808609865470852,4.0,223
2018,2,新竹市,0.6,4.0,20
2018,2,新竹縣,0.36801538461538463,4.0,65
2018,2,桃園市,0.5555,3.333,6
2018,2,澎湖縣,0.6134102564102565,12.0,39
2018,2,臺中市,1.4700235294117647,4.0,85
2018,2,臺北市,0.27344117647058824,2.04,68
2018,2,臺南市,0.8071464544138929,22.0,3455
2018,2,臺東縣,0.7733770491803279,5.454,61
2018,2,花蓮縣,0.30927835051546393,6.0,97
2018,2,苗栗縣,1.878787878787879,6.0,33
2018,2,金門縣,0.15384615384615385,2.0,13
2018,2,雲林縣,0.16013333333333332,2.0,45
2018,2,高雄市,1.06893,12.0,100
2018,3,南投縣,1.0,4.0,78
2018,3,嘉義市,0.16666666666666666,1.25,30
2018,3,嘉義縣,0.13368275862068965,5.769,145
2018,3,基隆市,1.0769230769230769,8.0,26
2018,3,宜蘭縣,0.3251818181818182,4.0,99
2018,3,屏東縣,1.1683000000000001,16.071,190
2018,3,彰化縣,0.5507246376811594,6.0,69
2018,3,新北市,0.6174622222222222,4.0,225
2018,3,新竹市,0.6774210526315789,3.333,19
2018,3,新竹縣,0.4362203389830509,4.0,59
2018,3,桃園市,1.02925,3.448,12
2018,3,澎湖縣,0.8015714285714285,4.0,42
2018,3,臺中市,1.344701030927835,4.347,97
2018,3,臺北市,0.6755866666666667,4.278,75
2018,3,臺南市,1.0688185200496074,24.0,4838
2018,3,臺東縣,1.1228823529411764,25.454,68
2018,3,花蓮縣,0.39926666666666666,6.0,105
2018,3,苗栗縣,2.2580645161290325,6.0,31
2018,3,金門縣,0.16666666666666666,2.0,12
2018,3,雲林縣,0.09245238095238095,1.96,42
2018,3,高雄市,1.9358470588235295,9.09,85
2018,4,南投縣,0.9966341463414634,4.0,82
2018,4,嘉義市,0.5739565217391305,14.545,138
2018,4,嘉義縣,0.13735714285714287,5.769,182
2018,4,基隆市,0.41379310344827586,4.0,29
2018,4,宜蘭縣,0.4152135922330097,8.0,103
2018,4,屏東縣,1.4669668674698795,20.754,332
2018,4,彰化縣,0.8888888888888888,8.0,72
2018,4,新北市,0.9141569506726457,7.692,223
2018,4,新竹市,0.6,4.0,20
2018,4,新竹縣,0.33205,4.0,60
2018,4,桃園市,1.3351801242236025,10.0,161
2018,4,澎湖縣,0.7498524590163934,8.0,61
2018,4,臺中市,1.5448279569892474,7.407,93
2018,4,臺北市,0.4331875,9.09,160
2018,4,臺南市,0.9041349402163598,20.0,5269
2018,4,臺東縣,1.5965844155844156,16.0,77
2018,4,花蓮縣,0.5652173913043478,8.0,92
2018,4,苗栗縣,2.606060606060606,8.0,33
2018,4,金門縣,0.0,0.0,9
2018,4,雲林縣,0.2906595744680851,4.0,47
2018,4,高雄市,1.9841048689138576,12.0,267
2018,5,南投縣,1.0886075949367089,4.0,79
2018,5,嘉義市,1.233265625,56.521,384
2018,5,嘉義縣,0.06263333333333333,6.0,180
2018,5,基隆市,0.55,6.0,40
2018,5,宜蘭縣,0.3859320388349514,4.0,103
2018,5,屏東縣,1.9057980392156864,21.428,510
2018,5,彰化縣,0.6255616438356164,6.0,73
2018,5,新北市,0.5596741935483871,8.0,310
2018,5,新竹市,0.6849677419354839,8.0,31
2018,5,新竹縣,0.6082295081967214,7.142,61
2018,5,桃園市,1.103575,8.0,200
2018,5,澎湖縣,0.49379545454545454,9.09,176
2018,5,臺中市,1.5734489795918367,7.2,98
2018,5,臺北市,0.7269627906976744,7.692,215
2018,5,臺南市,1.4123416938110749,38.461,6140
2018,5,臺東縣,2.676,62.745,79
2018,5,花蓮縣,0.4421052631578947,6.0,95
2018,5,苗栗縣,2.5454545454545454,8.0,33
2018,5,金門縣,0.4,2.0,10
2018,5,雲林縣,0.29204054054054057,4.0,74
2018,5,高雄市,2.310564444444444,16.0,225
2018,6,南投縣,1.175948717948718,4.0,78
2018,6,嘉義市,1.7759483282674773,53.448,329
2018,6,嘉義縣,0.15202912621359224,5.769,206
2018,6,基隆市,0.8205128205128205,6.0,39
2018,6,宜蘭縣,0.36706730769230766,4.0,104
2018,6,屏東縣,2.1166461126005363,36.363,373
2018,6,彰化縣,0.7401574803149606,8.0,127
2018,6,新北市,0.6391432506887051,4.0,363
2018,6,新竹市,0.37037037037037035,4.0,27
2018,6,新竹縣,0.22950819672131148,4.0,61
2018,6,桃園市,1.3161301369863014,10.0,146
2018,6,澎湖縣,0.6963313953488373,12.0,172
2018,6,臺中市,1.760688524590164,8.571,122
2018,6,臺北市,1.0205,6.722,184
2018,6,臺南市,1.8551846032992931,30.0,5092
2018,6,臺東縣,1.687120481927711,39.215,83
2018,6,花蓮縣,0.46938775510204084,6.0,98
2018,6,苗栗縣,3.348551724137931,13.333,58
2018,6,金門縣,0.8,4.0,10
2018,6,雲林縣,0.3354736842105263,4.0,76
2018,6,高雄市,1.8530103626943004,12.0,193
2018,7,南投縣,1.334886075949367,4.838,79
2018,7,嘉義市,4.110029325513197,57.746,341
2018,7,嘉義縣,0.5043849765258216,8.0,213
2018,7,基隆市,0.7222222222222222,6.0,36
2018,7,宜蘭縣,0.44551,3.333,100
2018,7,屏東縣,3.627642857142857,41.176,364
2018,7,彰化縣,0.8455284552845529,8.0,123
2018,7,新北市,0.8011577380952382,14.0,336
2018,7,新竹市,0.4818571428571429,4.0,28
2018,7,新竹縣,0.28125,4.0,64
2018,7,桃園市,1.5613653846153848,10.0,156
2018,7,澎湖縣,1.2021146788990824,34.0,218
2018,7,臺中市,2.322827868852459,11.494,122
2018,7,臺北市,0.5393007518796993,7.843,133
2018,7,臺南市,5.216440489589195,56.0,7108
2018,7,臺東縣,1.283642857142857,28.0,84
2018,7,花蓮縣,0.6835443037974683,8.0,79
2018,7,苗栗縣,3.146245901639344,18.0,61
2018,7,金門縣,0.6666666666666666,4.0,9
2018,7,雲林縣,0.3738157894736842,3.921,76
2018,7,高雄市,4.06254,36.538,250
2018,8,南投縣,1.6935609756097563,18.0,82
2018,8,嘉義市,3.868603524229075,80.357,454
2018,8,嘉義縣,1.1050743801652891,28.323,242
2018,8,基隆市,0.5833333333333334,6.0,48
2018,8,宜蘭縣,0.7765445544554456,6.0,101
2018,8,屏東縣,4.648375647668393,37.5,386
2018,8,彰化縣,1.2571627906976746,13.636,129
2018,8,新北市,1.1017698412698413,12.0,378
2018,8,新竹市,0.8050363636363637,8.333,110
2018,8,新竹縣,0.340734375,4.0,64
2018,8,桃園市,2.045297297297297,26.973,185
2018,8,澎湖縣,1.0860582524271845,26.0,206
2018,8,臺中市,5.038130952380952,54.838,168
2018,8,臺北市,1.0632747603833865,8.333,313
2018,8,臺南市,3.91813786604813,34.666,6898
2018,8,臺東縣,1.1115632183908046,14.0,87
2018,8,花蓮縣,1.4902666666666666,73.684,90
2018,8,苗栗縣,2.929483333333333,8.0,60
2018,8,金門縣,0.4444166666666667,3.333,12
2018,8,雲林縣,0.5849240506329114,4.0,79
2018,8,高雄市,4.758592741935484,48.0,248
2018,9,南投縣,1.8745487804878047,8.0,82
2018,9,嘉義市,3.922158088235294,122.222,272
2018,9,嘉義縣,0.7038669354838709,11.25,248
2018,9,基隆市,0.8648648648648649,8.0,37
2018,9,宜蘭縣,0.7480105263157896,4.0,95
2018,9,屏東縣,2.8594849397590365,20.754,332
2018,9,彰化縣,1.5773253968253969,16.0,126
2018,9,新北市,1.0365561643835617,44.0,365
2018,9,新竹市,0.9454255319148936,8.333,47
2018,9,新竹縣,0.886921875,7.843,64
2018,9,桃園市,1.8926470588235293,23.076,136
2018,9,澎湖縣,1.3855221674876848,20.0,203
2018,9,臺中市,6.002639024390244,70.0,205
2018,9,臺北市,1.1453087557603687,8.0,217
2018,9,臺南市,4.669386396318665,45.333,6954
2018,9,臺東縣,1.8043176470588234,69.23,85
2018,9,花蓮縣,0.5928210526315789,8.0,95
2018,9,苗栗縣,3.6,34.0,60
2018,9,金門縣,2.4,4.0,10
2018,9,雲林縣,0.7185,4.0,82
2018,9,高雄市,3.7628060941828254,28.947,361
2018,10,南投縣,1.3011282051282052,8.0,78
2018,10,嘉義市,0.7362423312883435,13.414,326
2018,10,嘉義縣,0.4455806451612903,7.692,217
2018,10,基隆市,1.0,8.0,34
2018,10,宜蘭縣,0.7815098039215687,4.0,102
2018,10,屏東縣,2.5078498659517425,35.087,373
2018,10,彰化縣,0.8130081300813008,8.0,123
2018,10,新北市,0.8083448275862068,6.0,348
2018,10,新竹市,1.0818076923076922,8.0,26
2018,10,新竹縣,0.48484848484848486,6.0,66
2018,10,桃園市,1.2281929824561404,4.0,57
2018,10,澎湖縣,0.36730687830687825,10.0,189
2018,10,臺中市,2.7621932773109243,17.543,119
2018,10,臺北市,0.9525467980295566,8.0,203
2018,10,臺南市,1.5068091076356944,38.0,6522
2018,10,臺東縣,1.2682823529411764,25.0,85
2018,10,花蓮縣,0.4578313253012048,6.0,83
2018,10,苗栗縣,2.387967213114754,12.0,61
2018,10,金門縣,0.6,4.0,10
2018,10,雲林縣,0.5528658536585366,4.0,82
2018,10,高雄市,2.3392286689419794,16.0,586
2018,11,南投縣,1.1485769230769232,5.357,78
2018,11,嘉義市,0.5010244755244756,8.641,286
2018,11,嘉義縣,0.2878700564971752,6.0,177
2018,11,基隆市,0.7586206896551724,6.0,29
2018,11,宜蘭縣,0.20436363636363636,2.0,99
2018,11,屏東縣,1.3539373493975904,15.789,415
2018,11,彰化縣,0.5806451612903226,12.0,124
2018,11,新北市,0.6288676470588235,4.0,340
2018,11,新竹市,0.4833,4.0,20
2018,11,新竹縣,0.41811290322580646,8.0,62
2018,11,桃園市,1.750125,5.517,8
2018,11,澎湖縣,0.1935483870967742,6.0,186
2018,11,臺中市,2.813373831775701,20.0,107
2018,11,臺北市,1.0003578947368421,12.962,95
2018,11,臺南市,0.7751185127807901,8.333,1291
2018,11,臺東縣,2.0858536585365854,51.923,82
2018,11,花蓮縣,0.55,6.0,80
2018,11,苗栗縣,2.2661186440677965,10.447,59
2018,11,金門縣,0.25,2.0,8
2018,11,雲林縣,0.28430263157894736,3.921,76
2018,11,高雄市,2.6355205479452053,25.0,584
2018,12,南投縣,1.4112622950819673,5.769,61
2018,12,嘉義市,0.125,2.5,30
2018,12,嘉義縣,0.16863815789473682,6.0,152
2018,12,基隆市,0.6896551724137931,8.0,29
2018,12,宜蘭縣,0.2267835051546392,4.0,97
2018,12,屏東縣,0.8945630841121495,9.09,428
2018,12,彰化縣,0.4057971014492754,4.0,69
2018,12,新北市,0.3421740890688259,4.0,247
2018,12,新竹市,0.2,2.0,20
2018,12,新竹縣,0.59764,6.0,50
2018,12,桃園市,0.3666,2.0,10
2018,12,澎湖縣,0.2986206896551724,8.0,174
2018,12,臺中市,1.764462686567164,8.0,67
2018,12,臺北市,0.6625135135135135,5.0,74
2018,12,臺南市,0.6376749363867684,12.0,1572
2018,12,臺東縣,1.9329142857142858,48.076,70
2018,12,花蓮縣,0.6753246753246753,6.0,77
2018,12,苗栗縣,1.7908055555555553,8.0,36
2018,12,金門縣,0.0,0.0,5
2018,12,雲林縣,0.22670212765957445,2.941,47
2018,12,高雄市,2.210235401459854,30.0,548
2019,1,南投縣,1.3033846153846154,6.0,78
2019,1,嘉義市,0.0,0.0,23
2019,1,嘉義縣,0.14672115384615386,2.0,104
2019,1,基隆市,0.14285714285714285,2.0,28
2019,1,宜蘭縣,0.13506122448979593,2.0,98
2019,1,屏東縣,0.8923859649122807,9.09,228
2019,1,彰化縣,0.5757575757575758,4.0,66
2019,1,新北市,0.44445864661654133,4.477,266
2019,1,新竹市,0.42424242424242425,4.0,33
2019,1,新竹縣,0.4168709677419355,4.0,62
2019,1,桃園市,2.170533333333333,12.82,15
2019,1,澎湖縣,0.6521739130434783,16.0,46
2019,1,臺中市,1.5696629213483144,7.142,89
2019,1,臺北市,0.7481935483870967,4.0,62
2019,1,臺南市,0.5696980676328502,8.0,1656
2019,1,臺東縣,1.1554383561643835,8.0,73
2019,1,花蓮縣,0.5490196078431373,18.0,102
2019,1,苗栗縣,2.2918387096774193,13.793,31
2019,1,金門縣,0.0,0.0,14
2019,1,雲林縣,0.1768888888888889,2.0,45
2019,1,高雄市,1.6242738095238094,8.0,84
2019,2,南投縣,1.5555555555555556,16.0,81
2019,2,嘉義市,0.1983809523809524,2.5,21
2019,2,嘉義縣,0.19338938053097343,5.769,113
2019,2,基隆市,0.2857142857142857,4.0,28
2019,2,宜蘭縣,0.30642156862745096,4.0,102
2019,2,屏東縣,0.42366666666666664,7.0,192
2019,2,彰化縣,0.7536231884057971,6.0,69
2019,2,新北市,0.540913357400722,6.0,277
2019,2,新竹市,0.42856666666666665,6.0,30
2019,2,新竹縣,0.32469491525423727,5.454,59
2019,2,桃園市,0.593842105263158,3.076,19
2019,2,澎湖縣,0.42105263157894735,4.0,38
2019,2,臺中市,1.961886075949367,20.0,79
2019,2,臺北市,0.2644385964912281,2.0,57
2019,2,臺南市,0.4129169755374351,16.0,1349
2019,2,臺東縣,2.3246249999999997,90.384,72
2019,2,花蓮縣,0.5263157894736842,6.0,95
2019,2,苗栗縣,2.6643749999999997,8.0,32
2019,2,金門縣,0.0,0.0,13
2019,2,雲林縣,0.2687906976744186,3.921,43
2019,2,高雄市,1.6647714285714283,12.0,70
2019,3,南投縣,1.744044117647059,6.0,68
2019,3,嘉義市,0.0,0.0,16
2019,3,嘉義縣,0.32802162162162163,13.333,185
2019,3,基隆市,0.2857142857142857,4.0,28
2019,3,宜蘭縣,0.2557184466019417,4.0,103
2019,3,屏東縣,1.0310055710306405,8.333,359
2019,3,彰化縣,1.237774647887324,20.0,71
2019,3,新北市,0.6736962962962962,4.0,270
2019,3,新竹市,1.7234666666666667,10.0,30
2019,3,新竹縣,0.47123809523809523,6.0,63
2019,3,桃園市,2.655875,13.793,8
2019,3,澎湖縣,1.3316222222222223,10.0,45
2019,3,臺中市,2.5113827160493827,20.754,81
2019,3,臺北市,0.5642125,4.615,80
2019,3,臺南市,0.5328104719764012,24.0,1356
2019,3,臺東縣,2.3150399999999998,30.769,75
2019,3,花蓮縣,0.37037037037037035,6.0,108
2019,3,苗栗縣,2.4350312499999998,8.0,32
2019,3,金門縣,0.9795714285714286,4.0,7
2019,3,雲林縣,1.115357142857143,27.118,42
2019,3,高雄市,1.5735851851851852,11.764,135
2019,4,南投縣,1.9481153846153847,5.357,78
2019,4,嘉義市,2.205679069767442,26.25,215
2019,4,嘉義縣,0.602766497461929,17.307,197
2019,4,基隆市,0.2857142857142857,4.0,35
2019,4,宜蘭縣,0.2521782178217822,4.0,101
2019,4,屏東縣,1.344020512820513,21.568,390
2019,4,彰化縣,1.1494050632911392,8.0,79
2019,4,新北市,0.7187222222222223,10.0,270
2019,4,新竹市,2.2241612903225807,16.666,31
2019,4,新竹縣,0.4,8.0,60
2019,4,桃園市,1.6378026315789473,9.09,76
2019,4,澎湖縣,1.4142916666666665,10.0,48
2019,4,臺中市,2.59525,13.333,84
2019,4,臺北市,0.6366904761904761,4.0,168
2019,4,臺南市,0.7172935118434604,20.0,971
2019,4,臺東縣,0.8472692307692308,4.0,78
2019,4,花蓮縣,0.6046511627906976,8.0,86
2019,4,苗栗縣,3.1213125,8.0,32
2019,4,金門縣,0.8888888888888888,6.0,9
2019,4,雲林縣,0.42608888888888885,3.846,45
2019,4,高雄市,2.8406101694915256,18.0,236
2019,5,南投縣,2.61612,20.0,75
2019,5,嘉義市,3.6806920731707318,31.25,328
2019,5,嘉義縣,0.7575739130434782,18.055,230
2019,5,基隆市,0.43902439024390244,4.0,41
2019,5,宜蘭縣,0.42623469387755103,5.0,98
2019,5,屏東縣,2.71687983706721,28.301,491
2019,5,彰化縣,1.8967464788732395,9.433,71
2019,5,新北市,0.8946836734693877,16.0,294
2019,5,新竹市,3.0195000000000003,40.0,28
2019,5,新竹縣,1.1159491525423728,15.841,59
2019,5,桃園市,1.8135121951219513,20.0,123
2019,5,澎湖縣,3.1766111111111113,40.0,144
2019,5,臺中市,5.799524752475247,40.0,101
2019,5,臺北市,1.119410810810811,6.666,185
2019,5,臺南市,2.047376,40.0,1000
2019,5,臺東縣,1.8380769230769232,15.384,78
2019,5,花蓮縣,0.4666666666666667,6.0,90
2019,5,苗栗縣,3.1294999999999997,8.0,38
2019,5,金門縣,0.36363636363636365,4.0,11
2019,5,雲林縣,1.1713291139240505,15.789,79
2019,5,高雄市,4.842029702970297,23.188,404
2019,6,南投縣,2.177695652173913,8.928,69
2019,6,嘉義市,4.3282687224669605,47.5,227
2019,6,嘉義縣,0.4584755555555555,5.769,225
2019,6,基隆市,0.47619047619047616,4.0,42
2019,6,宜蘭縣,0.34658,3.539,100
2019,6,屏東縣,2.678050997782705,33.333,451
2019,6,彰化縣,2.7458153846153848,18.0,130
2019,6,新北市,0.6816311688311688,20.0,385
2019,6,新竹市,1.2446666666666668,4.0,30
2019,6,新竹縣,0.9418245614035087,16.0,57
2019,6,桃園市,1.805967741935484,12.962,93
2019,6,澎湖縣,1.6457655172413792,24.0,145
2019,6,臺中市,5.5818495575221245,26.027,113
2019,6,臺北市,1.0188990825688073,10.0,218
2019,6,臺南市,2.4075258525852585,34.0,909
2019,6,臺東縣,1.3986931818181818,26.923,88
2019,6,花蓮縣,0.6215208333333333,8.0,96
2019,6,苗栗縣,2.8730526315789477,6.0,57
2019,6,金門縣,0.8888888888888888,4.0,9
2019,6,雲林縣,1.5491323529411767,10.909,68
2019,6,高雄市,4.494649746192893,23.529,394
2019,7,南投縣,2.45935,7.594,60
2019,7,嘉義市,4.323788819875777,28.75,322
2019,7,嘉義縣,0.3711936758893281,5.769,253
2019,7,基隆市,1.1515151515151516,8.0,33
2019,7,宜蘭縣,0.2946153846153846,8.0,104
2019,7,屏東縣,2.9692763578274763,36.538,626
2019,7,彰化縣,2.2773692307692306,24.0,130
2019,7,新北市,0.7787712765957446,20.0,376
2019,7,新竹市,3.1670000000000003,71.153,33
2019,7,新竹縣,0.9051746031746032,6.451,63
2019,7,桃園市,1.265214953271028,17.441,107
2019,7,澎湖縣,2.2580727272727272,42.0,165
2019,7,臺中市,5.001592857142857,49.056,140
2019,7,臺北市,0.746055,14.0,200
2019,7,臺南市,2.453854807692308,42.0,1040
2019,7,臺東縣,1.6261604938271603,16.438,81
2019,7,花蓮縣,0.42424242424242425,6.0,99
2019,7,苗栗縣,2.7796610169491527,8.0,59
2019,7,連江縣,0.0,0.0,4
2019,7,金門縣,1.1,5.0,10
2019,7,雲林縣,1.1272658227848102,14.666,79
2019,7,高雄市,4.513247747747748,60.0,888
2019,8,南投縣,1.682719298245614,7.407,57
2019,8,嘉義市,5.457256097560975,34.146,246
2019,8,嘉義縣,0.40805109489051095,4.597,274
2019,8,基隆市,0.7777777777777778,6.0,36
2019,8,宜蘭縣,0.22628301886792454,2.0,106
2019,8,屏東縣,2.7561794871794874,23.076,624
2019,8,彰化縣,1.6872153846153846,13.043,130
2019,8,新北市,0.5678939393939394,10.0,396
2019,8,新竹市,1.7918749999999999,12.711,72
2019,8,新竹縣,0.8030298507462686,11.538,67
2019,8,桃園市,2.191467289719626,16.949,107
2019,8,澎湖縣,2.049375,28.0,176
2019,8,臺中市,5.132151515151515,38.0,132
2019,8,臺北市,0.8714334600760457,4.938,263
2019,8,臺南市,2.2325528455284553,48.0,1107
2019,8,臺東縣,1.808542168674699,30.0,83
2019,8,花蓮縣,0.3877551020408163,6.0,98
2019,8,苗栗縣,2.9064918032786884,8.0,61
2019,8,連江縣,0.0,0.0,4
2019,8,金門縣,0.25,2.0,8
2019,8,雲林縣,1.4556891891891892,8.928,74
2019,8,高雄市,3.2551650366748164,116.0,818
2019,9,南投縣,2.3169218750000002,12.0,64
2019,9,嘉義市,3.8029871244635194,37.5,233
2019,9,嘉義縣,0.355979020979021,3.846,286
2019,9,基隆市,0.9714285714285714,6.0,35
2019,9,宜蘭縣,0.45557425742574253,6.0,101
2019,9,屏東縣,2.3736911519198665,27.586,599
2019,9,彰化縣,1.996063492063492,20.0,126
2019,9,新北市,0.5691318327974276,4.0,311
2019,9,新竹市,1.2947012987012987,16.666,77
2019,9,新竹縣,0.5152264150943396,17.307,53
2019,9,桃園市,1.99912676056338,19.23,71
2019,9,澎湖縣,0.9916687898089173,26.0,157
2019,9,臺中市,3.592473684210526,30.434,133
2019,9,臺北市,1.2549017857142857,8.0,224
2019,9,臺南市,1.654871628910464,42.0,927
2019,9,臺東縣,3.303148148148148,174.509,81
2019,9,花蓮縣,0.7047619047619048,24.0,105
2019,9,苗栗縣,2.6538032786885246,10.0,61
2019,9,連江縣,0.0,0.0,4
2019,9,金門縣,0.0,0.0,12
2019,9,雲林縣,1.0253698630136987,8.0,73
2019,9,高雄市,2.8023679144385025,20.0,935
2019,10,南投縣,1.2393392857142858,6.153,56
2019,10,嘉義市,1.4387024221453288,18.478,289
2019,10,嘉義縣,0.21393286219081273,3.896,283
2019,10,基隆市,1.0909090909090908,6.0,33
2019,10,宜蘭縣,0.26810377358490567,6.0,106
2019,10,屏東縣,1.9983560975609758,41.176,820
2019,10,彰化縣,1.3817692307692306,17.647,130
2019,10,新北市,0.5320931372549019,8.0,408
2019,10,新竹市,1.1553414634146342,4.0,41
2019,10,新竹縣,0.17500000000000002,2.0,63
2019,10,桃園市,1.5906206896551724,8.333,29
2019,10,澎湖縣,0.3073259668508287,20.0,181
2019,10,臺中市,2.6633589743589745,21.621,117
2019,10,臺北市,0.9194334763948498,9.333,233
2019,10,臺南市,0.5771487119437939,10.0,854
2019,10,臺東縣,2.012686746987952,30.0,83
2019,10,花蓮縣,0.2912621359223301,6.0,103
2019,10,苗栗縣,2.225806451612903,8.0,62
2019,10,連江縣,0.0,0.0,5
2019,10,金門縣,0.0,0.0,7
2019,10,雲林縣,0.6594545454545454,5.769,77
2019,10,高雄市,1.128450038729667,36.0,1291
2019,11,南投縣,1.6905254237288136,8.0,59
2019,11,嘉義市,0.6818532818532819,10.0,259
2019,11,嘉義縣,0.20493305439330545,5.454,239
2019,11,基隆市,1.3333333333333333,8.0,24
2019,11,宜蘭縣,0.18470408163265306,2.0,98
2019,11,屏東縣,1.0019972502291477,16.0,1091
2019,11,彰化縣,1.002484126984127,10.0,126
2019,11,新北市,0.5204359673024523,8.0,367
2019,11,新竹市,0.8216842105263158,4.0,38
2019,11,新竹縣,0.25,4.0,56
2019,11,桃園市,0.5593333333333333,1.818,6
2019,11,澎湖縣,0.10465116279069768,2.0,172
2019,11,臺中市,1.2461428571428572,10.909,98
2019,11,臺北市,0.6363291139240507,4.0,79
2019,11,臺南市,0.32244127332601535,6.666,911
2019,11,臺東縣,1.2602236842105263,10.0,76
2019,11,花蓮縣,0.3304578313253012,4.0,83
2019,11,苗栗縣,2.0677966101694913,8.0,59
2019,11,金門縣,0.0,0.0,11
2019,11,雲林縣,0.57096875,5.555,64
2019,11,高雄市,0.9479415692821369,19.0,1198
2019,12,南投縣,2.183759259259259,18.0,54
2019,12,嘉義市,0.0,0.0,22
2019,12,嘉義縣,0.15092916666666667,4.0,240
2019,12,基隆市,0.19047619047619047,4.0,21
2019,12,宜蘭縣,0.11890909090909091,2.0,99
2019,12,屏東縣,0.7351777777777778,7.692,495
2019,12,彰化縣,0.4437857142857143,7.142,70
2019,12,新北市,0.5034013605442177,8.0,294
2019,12,新竹市,0.7789375,4.0,32
2019,12,新竹縣,0.11171698113207545,3.921,53
2019,12,桃園市,1.8738,8.0,5
2019,12,澎湖縣,0.07894736842105263,4.0,152
2019,12,臺中市,1.4328311688311688,6.896,77
2019,12,臺北市,0.46194999999999997,3.75,60
2019,12,臺南市,0.3954772967265047,12.0,947
2019,12,臺東縣,0.7102375000000001,8.474,80
2019,12,花蓮縣,0.4166666666666667,4.0,72
2019,12,苗栗縣,2.0,8.0,32
2019,12,金門縣,0.2,2.0,10
2019,12,雲林縣,0.5204054054054054,5.454,37
2019,12,高雄市,0.7974485514485514,16.0,1001
2020,1,南投縣,1.187102564102564,6.0,78
2020,1,嘉義市,0.06578947368421052,1.25,19
2020,1,嘉義縣,0.18779591836734694,4.0,98
2020,1,基隆市,1.2641,10.0,30
2020,1,宜蘭縣,0.23354166666666668,3.0,96
2020,1,屏東縣,0.5845722891566265,5.555,166
2020,1,彰化縣,0.9705285714285714,8.91,70
2020,1,新北市,0.21966666666666665,6.0,261
2020,1,新竹市,1.5146666666666666,16.393,30
2020,1,新竹縣,0.2170327868852459,5.555,61
2020,1,桃園市,0.5714285714285714,2.0,7
2020,1,澎湖縣,0.35794871794871796,4.0,39
2020,1,臺中市,0.9945714285714284,4.0,77
2020,1,臺北市,0.49981818181818183,4.0,66
2020,1,臺南市,0.4439462915601023,12.0,782
2020,1,臺東縣,1.1748285714285713,12.0,70
2020,1,花蓮縣,2.6666666666666665,92.0,99
2020,1,苗栗縣,1.935483870967742,8.0,31
2020,1,金門縣,0.14285714285714285,2.0,14
2020,1,雲林縣,0.5169268292682927,4.0,41
2020,1,高雄市,0.9362666666666667,2.0,15
2020,2,南投縣,1.35805,4.0,80
2020,2,嘉義市,0.0,0.0,24
2020,2,嘉義縣,0.2758720930232558,4.0,86
2020,2,基隆市,1.1724137931034482,8.0,29
2020,2,宜蘭縣,0.16185263157894736,2.0,95
2020,2,屏東縣,0.6667474048442906,6.25,289
2020,2,彰化縣,0.6018382352941176,8.0,68
2020,2,新北市,0.256,5.0,250
2020,2,新竹市,0.7968333333333333,4.0,12
2020,2,新竹縣,0.3125,4.0,64
2020,2,桃園市,0.6732,1.754,5
2020,2,澎湖縣,0.6831578947368421,6.0,38
2020,2,臺中市,1.7923548387096775,8.771,31
2020,2,臺北市,0.2592535211267606,4.0,71
2020,2,臺南市,0.3857886550777676,12.0,1093
2020,2,臺東縣,1.165514705882353,19.23,68
2020,2,花蓮縣,0.40816326530612246,8.0,98
2020,2,苗栗縣,2.3529411764705883,8.0,34
2020,2,金門縣,0.0,0.0,10
2020,2,雲林縣,0.5185609756097561,3.921,41
2020,2,高雄市,0.5835806451612904,4.0,31
2020,3,南投縣,1.4007948717948717,6.0,78
2020,3,嘉義市,0.0,0.0,20
2020,3,嘉義縣,0.2541341463414634,4.0,164
2020,3,基隆市,1.2435833333333333,8.0,24
2020,3,宜蘭縣,0.2258888888888889,3.0,99
2020,3,屏東縣,0.9941182519280205,11.538,389
2020,3,彰化縣,0.7200833333333334,12.0,72
2020,3,新北市,0.2427536231884058,8.0,276
2020,3,新竹市,0.0,0.0,1
2020,3,新竹縣,0.066,2.0,60
2020,3,桃園市,0.0,0.0,1
2020,3,澎湖縣,1.260157894736842,22.0,38
2020,3,臺中市,1.9423134328358207,14.0,67
2020,3,臺北市,0.3946071428571428,4.0,84
2020,3,臺南市,0.43872408026755855,8.0,1196
2020,3,臺東縣,1.1541466666666667,12.962,75
2020,3,花蓮縣,0.42105263157894735,6.0,95
2020,3,苗栗縣,2.193548387096774,8.0,31
2020,3,金門縣,0.20825,1.666,8
2020,3,雲林縣,0.466,5.769,41
2020,3,高雄市,1.2514262295081968,8.0,122
2020,4,南投縣,1.647590909090909,23.0,66
2020,4,嘉義市,2.878010695187166,23.0,187
2020,4,嘉義縣,0.2821534090909091,12.0,176
2020,4,基隆市,1.1612903225806452,8.0,31
2020,4,宜蘭縣,0.1863265306122449,3.636,98
2020,4,屏東縣,1.2361683673469388,15.384,392
2020,4,彰化縣,1.1199166666666667,28.0,72
2020,4,新北市,0.20704819277108433,4.0,249
2020,4,新竹縣,0.2346271186440678,7.843,59
2020,4,桃園市,1.3850315789473684,12.0,95
2020,4,澎湖縣,0.9302325581395349,6.0,43
2020,4,臺中市,1.9946986301369862,20.0,73
2020,4,臺北市,0.6697650273224043,8.0,183
2020,4,臺南市,0.27607676767676764,8.0,990
2020,4,臺東縣,1.3716913580246914,17.307,81
2020,4,花蓮縣,0.43366666666666664,6.0,105
2020,4,苗栗縣,2.0625,8.0,32
2020,4,金門縣,0.3174444444444445,2.857,9
2020,4,雲林縣,0.8406538461538461,7.547,52
2020,4,高雄市,1.7978623853211009,18.867,109
2020,5,南投縣,1.3526615384615386,4.0,65
2020,5,嘉義市,2.6412421875,25.0,256
2020,5,嘉義縣,0.3858977272727273,8.0,176
2020,5,基隆市,1.024390243902439,8.0,41
2020,5,宜蘭縣,0.2107755102040816,3.333,98
2020,5,屏東縣,1.4956912114014254,21.153,421
2020,5,彰化縣,1.3081219512195124,12.727,82
2020,5,新北市,0.39325842696629215,4.0,267
2020,5,新竹市,0.13333333333333333,2.0,15
2020,5,新竹縣,0.13527586206896552,3.846,58
2020,5,桃園市,1.6616041666666668,15.094,96
2020,5,澎湖縣,1.1644554455445544,10.0,101
2020,5,臺中市,2.469779069767442,28.846,86
2020,5,臺北市,0.7761530054644808,4.761,183
2020,5,臺南市,0.47372709923664125,12.0,1048
2020,5,臺東縣,1.1207901234567903,10.0,81
2020,5,花蓮縣,0.49223595505617973,6.0,89
2020,5,苗栗縣,2.193548387096774,8.0,31
2020,5,金門縣,0.0,0.0,7
2020,5,雲林縣,0.7205205479452055,5.555,73
2020,5,高雄市,1.4610848214285714,12.0,224
2020,6,南投縣,1.430609375,6.0,64
2020,6,嘉義市,8.509959731543624,31.0,149
2020,6,嘉義縣,0.4522705314009662,13.725,207
2020,6,基隆市,1.0,8.0,42
2020,6,宜蘭縣,0.17437999999999998,2.0,100
2020,6,屏東縣,2.221953667953668,22.666,518
2020,6,彰化縣,1.9243070866141732,24.0,127
2020,6,新北市,0.3545706371191136,18.0,361
2020,6,新竹市,0.15384615384615385,2.0,13
2020,6,新竹縣,0.16129032258064516,2.0,62
2020,6,桃園市,1.4388484848484848,12.0,99
2020,6,澎湖縣,3.282101694915254,36.0,118
2020,6,臺中市,3.1217040000000003,66.0,125
2020,6,臺北市,0.8698813559322034,6.0,177
2020,6,臺南市,0.9905056710775046,14.0,1058
2020,6,臺東縣,0.7282467532467533,5.882,77
2020,6,花蓮縣,0.48,10.0,100
2020,6,苗栗縣,2.819672131147541,8.0,61
2020,6,金門縣,0.3333333333333333,2.0,12
2020,6,雲林縣,0.9500428571428572,5.555,70
2020,6,高雄市,1.7685049504950494,8.0,202
2020,7,南投縣,1.6536190476190475,8.0,63
2020,7,嘉義市,4.910595141700404,32.0,247
2020,7,嘉義縣,0.3401658291457286,16.0,199
2020,7,基隆市,0.9523809523809523,6.0,42
2020,7,宜蘭縣,0.2588061224489796,2.0,98
2020,7,屏東縣,2.9688240917782025,32.692,523
2020,7,彰化縣,0.810408,8.0,125
2020,7,新北市,0.20680628272251309,6.0,382
2020,7,新竹市,0.3663214285714286,2.0,28
2020,7,新竹縣,0.19505,3.703,60
2020,7,桃園市,1.6710504201680674,20.408,119
2020,7,澎湖縣,1.0047190082644628,18.0,121
2020,7,臺中市,2.8092241379310345,48.484,116
2020,7,臺北市,0.48689898989898994,8.0,198
2020,7,臺南市,1.1290157024793388,16.0,1210
2020,7,臺東縣,0.7089620253164557,8.0,79
2020,7,花蓮縣,0.6136363636363636,8.0,88
2020,7,苗栗縣,2.5464426229508197,8.0,61
2020,7,金門縣,0.0,0.0,12
2020,7,雲林縣,0.5841445783132531,3.921,83
2020,7,高雄市,2.4812730015082956,10.0,663
2020,8,南投縣,1.6640645161290322,5.172,62
2020,8,嘉義市,5.500570881226054,26.0,261
2020,8,嘉義縣,0.852619512195122,30.0,205
2020,8,基隆市,0.9767441860465116,6.0,43
2020,8,宜蘭縣,0.20684536082474228,4.0,97
2020,8,屏東縣,2.7915405405405402,21.568,407
2020,8,彰化縣,1.2224,15.384,120
2020,8,新北市,0.20253164556962025,6.0,395
2020,8,新竹市,0.6348571428571429,2.0,21
2020,8,新竹縣,0.12121212121212122,2.0,66
2020,8,桃園市,2.1533457943925236,13.333,107
2020,8,澎湖縣,2.3193904761904762,32.0,105
2020,8,臺中市,2.7340900900900897,18.867,111
2020,8,臺北市,0.9072883435582823,9.09,163
2020,8,臺南市,1.9286563106796117,28.0,1030
2020,8,臺東縣,0.7219358974358975,8.0,78
2020,8,花蓮縣,0.48795505617977525,8.0,89
2020,8,苗栗縣,2.3125,8.0,64
2020,8,金門縣,0.0,0.0,12
2020,8,雲林縣,0.5451975308641975,4.0,81
2020,8,高雄市,3.5643189448441244,19.444,417
2020,9,南投縣,1.4137931034482758,6.0,58
2020,9,嘉義市,4.882511627906977,27.0,172
2020,9,嘉義縣,0.31312254901960784,4.0,204
2020,9,基隆市,1.0476190476190477,8.0,42
2020,9,宜蘭縣,0.5198181818181818,4.0,99
2020,9,屏東縣,3.1556382536382537,45.161,481
2020,9,彰化縣,1.1792903225806453,15.384,124
2020,9,新北市,0.36666666666666664,8.0,390
2020,9,新竹市,1.5981904761904762,8.0,21
2020,9,新竹縣,0.5770666666666667,16.0,60
2020,9,桃園市,2.1772531645569617,22.0,79
2020,9,澎湖縣,1.303,10.0,119
2020,9,臺中市,2.0258991596638656,18.867,119
2020,9,臺北市,0.984919191919192,6.666,198
2020,9,臺南市,1.598727799227799,30.0,1036
2020,9,臺東縣,1.2235324675324675,30.0,77
2020,9,花蓮縣,0.8316831683168316,30.0,101
2020,9,苗栗縣,2.0655737704918034,8.0,61
2020,9,金門縣,0.119,1.428,12
2020,9,雲林縣,0.712873417721519,6.0,79
2020,9,高雄市,3.1074924731182794,26.0,465
2020,10,南投縣,1.5260769230769229,4.0,52
2020,10,嘉義市,1.5980622009569379,8.333,209
2020,10,嘉義縣,0.5851530612244897,50.0,196
2020,10,基隆市,1.1162790697674418,8.0,43
2020,10,宜蘭縣,0.23404123711340208,3.333,97
2020,10,屏東縣,2.2095800464037123,20.754,431
2020,10,彰化縣,0.673078947368421,6.0,114
2020,10,新北市,0.34190231362467866,6.0,389
2020,10,新竹市,1.1288571428571428,4.0,21
2020,10,新竹縣,0.2020151515151515,5.0,66
2020,10,桃園市,1.7755052631578947,17.647,95
2020,10,澎湖縣,0.4748514851485149,8.0,101
2020,10,臺中市,1.6006517857142857,8.0,112
2020,10,臺北市,0.8192433628318584,7.843,226
2020,10,臺南市,0.5724428086070215,14.0,883
2020,10,臺東縣,1.0414024390243901,9.615,82
2020,10,花蓮縣,0.45665999999999995,8.0,100
2020,10,苗栗縣,1.9672131147540983,8.0,61
2020,10,金門縣,0.0,0.0,17
2020,10,雲林縣,0.49580769230769234,3.921,78
2020,10,高雄市,1.976485488126649,18.181,379
2020,11,南投縣,1.2215964912280701,4.0,57
2020,11,嘉義市,1.23725,7.0,260
2020,11,嘉義縣,0.2232897727272727,4.0,176
2020,11,基隆市,1.1724137931034482,8.0,29
2020,11,宜蘭縣,0.3084845360824742,2.0,97
2020,11,屏東縣,1.8611122661122663,19.298,481
2020,11,彰化縣,1.056,19.23,118
2020,11,新北市,0.258160237388724,4.0,337
2020,11,新竹市,0.9420000000000001,4.0,23
2020,11,新竹縣,0.0,0.0,62
2020,11,桃園市,1.223952380952381,2.941,21
2020,11,澎湖縣,0.29912820512820515,2.0,39
2020,11,臺中市,2.1013931623931623,32.0,117
2020,11,臺北市,0.8195299145299145,6.0,117
2020,11,臺南市,0.7087415036045314,16.0,971
2020,11,臺東縣,0.6841948051948052,7.692,77
2020,11,花蓮縣,0.4067796610169492,4.0,59
2020,11,苗栗縣,2.0421774193548385,8.0,62
2020,11,金門縣,0.0,0.0,7
2020,11,雲林縣,0.6088382352941177,3.921,68
2020,11,高雄市,2.6612976744186048,24.0,645
2020,12,南投縣,1.2672127659574468,4.0,47
2020,12,嘉義市,0.5740740740740741,5.0,27
2020,12,嘉義縣,0.1528505154639175,2.0,194
2020,12,基隆市,0.0,0.0,29
2020,12,宜蘭縣,0.24067708333333335,3.333,96
2020,12,屏東縣,1.7704414225941423,9.259,478
2020,12,彰化縣,0.984927536231884,16.0,69
2020,12,新北市,0.22348484848484848,8.0,264
2020,12,新竹市,0.8610833333333333,4.0,24
2020,12,新竹縣,0.14035087719298245,4.0,57
2020,12,桃園市,0.8877142857142857,7.843,14
2020,12,澎湖縣,0.3333333333333333,4.0,42
2020,12,臺中市,1.6857848101265822,20.0,79
2020,12,臺北市,0.8206593406593405,6.0,91
2020,12,臺南市,0.7524871266735325,12.0,971
2020,12,臺東縣,0.7551369863013698,16.0,73
2020,12,花蓮縣,0.4666666666666667,4.0,60
2020,12,苗栗縣,1.878787878787879,8.0,33
2020,12,金門縣,0.0,0.0,6
2020,12,雲林縣,0.43729545454545454,3.846,44
2020,12,高雄市,1.6019671875000001,10.666,640
2021,1,南投縣,1.1149666666666667,3.636,60
2021,1,嘉義市,0.25,5.0,25
2021,1,嘉義縣,0.34840366972477066,3.333,109
2021,1,基隆市,0.6896551724137931,4.0,29
2021,1,宜蘭縣,0.24372916666666666,2.0,96
2021,1,屏東縣,0.7833676975945018,8.928,291
2021,1,彰化縣,0.6537638888888888,12.0,72
2021,1,新北市,0.12301587301587301,6.0,252
2021,1,新竹市,0.2222222222222222,2.0,27
2021,1,新竹縣,0.25,10.0,56
2021,1,桃園市,1.8345,1.851,2
2021,1,澎湖縣,0.25,4.0,40
2021,1,臺中市,1.3885595238095239,6.0,84
2021,1,臺北市,0.4035694444444445,3.448,72
2021,1,臺南市,0.45326546681664787,8.0,889
2021,1,臺東縣,0.4406714285714286,4.0,70
2021,1,花蓮縣,0.7700571428571428,48.0,105
2021,1,苗栗縣,1.7575757575757576,8.0,33
2021,1,金門縣,0.0,0.0,11
2021,1,雲林縣,0.5533414634146342,3.773,41
2021,1,高雄市,0.2636563876651982,6.0,227
2021,2,南投縣,1.2283454545454544,4.0,55
2021,2,嘉義市,0.05952380952380952,1.25,21
2021,2,嘉義縣,0.28811764705882353,4.0,102
2021,2,基隆市,0.896551724137931,6.0,29
2021,2,宜蘭縣,0.21329591836734693,2.0,98
2021,2,屏東縣,0.5880567010309278,5.555,194
2021,2,彰化縣,1.0704,8.0,70
2021,2,新北市,0.08800000000000001,6.0,295
2021,2,新竹市,1.0350526315789474,6.0,19
2021,2,新竹縣,0.23529411764705882,6.0,68
2021,2,桃園市,0.0,0.0,3
2021,2,澎湖縣,0.34285714285714286,2.0,35
2021,2,臺中市,1.655888888888889,11.111,81
2021,2,臺北市,0.5781428571428571,8.0,56
2021,2,臺南市,0.45432722513089,6.0,764
2021,2,臺東縣,0.7699577464788733,9.615,71
2021,2,花蓮縣,0.2976190476190476,4.0,105
2021,2,苗栗縣,1.3888888888888888,6.0,36
2021,2,金門縣,0.0,0.0,11
2021,2,雲林縣,0.3294565217391305,3.636,46
2021,2,高雄市,0.23906140350877192,4.0,114
2021,3,南投縣,1.6408679245283018,4.0,53
2021,3,嘉義市,0.07243478260869565,1.666,23
2021,3,嘉義縣,0.3619823529411765,4.0,170
2021,3,基隆市,0.5517241379310345,4.0,29
2021,3,宜蘭縣,0.33596875,4.0,96
2021,3,屏東縣,0.6703549488054608,8.928,293
2021,3,彰化縣,0.7571973684210526,12.0,76
2021,3,新北市,0.0412621359223301,2.0,412
2021,3,新竹市,1.0245333333333333,4.0,30
2021,3,新竹縣,0.0,0.0,62
2021,3,桃園市,2.486,3.333,2
2021,3,澎湖縣,0.09302325581395349,2.0,43
2021,3,臺中市,1.816943820224719,10.869,89
2021,3,臺北市,0.7310513698630138,4.081,292
2021,3,臺南市,0.4822572115384615,8.0,1248
2021,3,臺東縣,0.7457777777777778,5.769,72
2021,3,花蓮縣,0.4296875,6.0,96
2021,3,苗栗縣,2.3529411764705883,8.0,34
2021,3,金門縣,0.0,0.0,10
2021,3,雲林縣,0.4427291666666667,4.0,48
2021,3,高雄市,0.9951947368421052,8.219,380
2021,4,南投縣,1.4416037735849057,4.0,53
2021,4,嘉義市,1.6213076923076926,10.0,195
2021,4,嘉義縣,0.2871516853932584,3.333,178
2021,4,基隆市,0.896551724137931,6.0,29
2021,4,宜蘭縣,0.2600326086956522,2.0,92
2021,4,屏東縣,0.9250171919770774,16.071,349
2021,4,彰化縣,0.8055555555555556,6.0,72
2021,4,新北市,0.04927536231884058,3.0,345
2021,4,新竹市,1.188391304347826,4.0,23
2021,4,新竹縣,0.5925925925925926,14.0,54
2021,4,桃園市,4.356441558441559,20.754,77
2021,4,澎湖縣,0.27692307692307694,2.0,65
2021,4,臺中市,1.6858691588785046,9.259,107
2021,4,臺北市,0.5765121951219512,6.0,287
2021,4,臺南市,0.37906107660455485,8.0,966
2021,4,臺東縣,0.41147435897435897,4.0,78
2021,4,花蓮縣,0.4217619047619047,6.0,105
2021,4,苗栗縣,2.5625,8.0,32
2021,4,金門縣,0.0,0.0,10
2021,4,雲林縣,0.44819148936170217,3.703,47
2021,4,高雄市,0.9426379928315411,6.0,279
2021,5,南投縣,1.627326530612245,5.0,49
2021,5,嘉義市,1.386635294117647,12.0,255
2021,5,嘉義縣,0.2831965317919075,4.0,173
2021,5,基隆市,0.975609756097561,8.0,41
2021,5,宜蘭縣,0.17311458333333332,3.773,96
2021,5,屏東縣,0.9189725400457666,10.344,437
2021,5,彰化縣,0.10526315789473684,2.0,19
2021,5,新北市,0.03435114503816794,2.0,262
2021,5,新竹市,1.4870769230769232,4.0,13
2021,5,新竹縣,0.05764705882352941,1.96,34
2021,5,桃園市,4.70393023255814,15.094,43
2021,5,澎湖縣,0.1728395061728395,2.0,81
2021,5,臺中市,1.1697250000000001,4.615,40
2021,5,臺北市,1.00736690647482,11.0,139
2021,5,臺南市,0.4500855513307985,10.0,1052
2021,5,臺東縣,0.5587500000000001,10.0,72
2021,5,花蓮縣,0.30612244897959184,6.0,98
2021,5,苗栗縣,1.8571428571428572,6.0,28
2021,5,金門縣,0.0,0.0,6
2021,5,雲林縣,0.5282542372881356,3.921,59
2021,5,高雄市,1.6722075471698112,8.571,159
2021,6,南投縣,1.606566037735849,4.0,53
2021,6,嘉義市,4.8576500000000005,39.0,260
2021,6,嘉義縣,0.43153968253968256,7.017,126
2021,6,基隆市,1.1904761904761905,8.0,42
2021,6,宜蘭縣,0.18255670103092783,2.0,97
2021,6,屏東縣,1.8541615925058548,14.925,427
2021,6,彰化縣,5.3075,6.0,2
2021,6,新北市,0.03986710963455149,2.0,301
2021,6,新竹市,2.5,4.0,4
2021,6,新竹縣,0.0,0.0,11
2021,6,桃園市,0.0,0.0,1
2021,6,澎湖縣,0.9531739130434783,12.0,23
2021,6,臺中市,2.0,2.0,1
2021,6,臺北市,0.16666666666666666,1.0,6
2021,6,臺南市,1.057261822376009,27.5,867
2021,6,臺東縣,0.631671875,10.0,64
2021,6,花蓮縣,0.38095238095238093,6.0,84
2021,6,苗栗縣,1.302325581395349,6.0,43
2021,6,金門縣,0.4444444444444444,4.0,9
2021,6,雲林縣,0.5881346153846154,4.0,52
2021,6,高雄市,2.452242105263158,10.126,95
2021,7,南投縣,1.3325192307692306,4.0,52
2021,7,嘉義市,7.815494296577946,33.0,263
2021,7,嘉義縣,0.39149285714285714,5.769,140
2021,7,基隆市,1.105263157894737,6.0,38
2021,7,宜蘭縣,0.24164646464646466,2.0,99
2021,7,屏東縣,2.3616774193548387,16.883,465
2021,7,新北市,0.08602150537634409,4.0,279
2021,7,新竹縣,1.5,12.0,12
2021,7,桃園市,5.9110000000000005,15.686,6
2021,7,澎湖縣,1.2666666666666666,10.0,60
2021,7,臺中市,3.5801875,10.0,32
2021,7,臺北市,0.7719298245614035,6.0,171
2021,7,臺南市,1.4886376429199648,61.25,1137
2021,7,臺東縣,0.5274477611940298,2.0,67
2021,7,花蓮縣,0.4186046511627907,6.0,86
2021,7,苗栗縣,1.7826086956521738,8.0,46
2021,7,金門縣,0.0,0.0,7
2021,7,雲林縣,0.6080980392156863,4.0,51
2021,7,高雄市,4.099657657657658,41.666,111
2021,8,南投縣,1.6215208333333333,12.0,48
2021,8,嘉義市,7.55583082706767,71.0,266
2021,8,嘉義縣,0.5813351351351351,14.0,185
2021,8,基隆市,1.0,6.0,42
2021,8,宜蘭縣,0.2000909090909091,2.0,99
2021,8,屏東縣,2.261506822612086,13.924,513
2021,8,彰化縣,1.6547073170731708,10.0,41
2021,8,新北市,0.07267482517482518,2.0,286
2021,8,新竹市,2.6666666666666665,4.0,3
2021,8,新竹縣,0.45454545454545453,12.0,66
2021,8,桃園市,2.6175081967213116,9.433,61
2021,8,澎湖縣,2.443242424242424,16.0,66
2021,8,臺中市,3.4538145161290323,20.0,124
2021,8,臺北市,0.7321428571428571,8.0,112
2021,8,臺南市,1.4350396744659206,18.604,983
2021,8,臺東縣,0.942897435897436,23.076,78
2021,8,花蓮縣,0.5,6.0,88
2021,8,苗栗縣,2.6578947368421053,8.0,76
2021,8,金門縣,0.0,0.0,11
2021,8,雲林縣,0.645574074074074,3.921,54
2021,8,高雄市,5.056958904109589,16.0,292
2021,9,南投縣,1.4696382978723403,4.0,47
2021,9,嘉義市,6.45818431372549,57.0,255
2021,9,嘉義縣,0.35302923976608186,4.285,171
2021,9,基隆市,1.069767441860465,8.0,43
2021,9,宜蘭縣,0.22143617021276596,3.636,94
2021,9,屏東縣,1.8921828442437922,9.09,443
2021,9,彰化縣,1.366125,6.0,40
2021,9,新北市,0.024324324324324326,4.0,370
2021,9,新竹縣,0.11538461538461539,4.0,52
2021,9,桃園市,2.8283181818181817,9.615,44
2021,9,澎湖縣,1.0220806451612903,14.0,62
2021,9,臺中市,2.502069565217391,18.0,115
2021,9,臺北市,0.46075897435897434,4.0,195
2021,9,臺南市,0.8814231912784936,8.75,1009
2021,9,臺東縣,0.7236103896103897,5.263,77
2021,9,花蓮縣,0.5797101449275363,6.0,69
2021,9,苗栗縣,2.1724137931034484,6.0,58
2021,9,金門縣,0.0,0.0,12
2021,9,雲林縣,0.4918727272727273,4.0,55
2021,9,高雄市,5.606171212121212,28.0,660
2021,10,南投縣,1.5210555555555556,4.0,36
2021,10,嘉義市,1.81918487394958,14.0,238
2021,10,嘉義縣,0.3741904761904762,3.846,189
2021,10,基隆市,0.9743589743589743,6.0,39
2021,10,宜蘭縣,0.16415463917525774,2.0,97
2021,10,屏東縣,1.8642995283018866,13.207,424
2021,10,彰化縣,0.966219512195122,8.0,41
2021,10,新北市,0.043227665706051875,4.0,347
2021,10,新竹縣,0.11764705882352941,2.0,51
2021,10,桃園市,1.47725,3.409,16
2021,10,澎湖縣,0.7017543859649122,10.0,57
2021,10,臺中市,1.6703604651162791,9.836,86
2021,10,臺北市,0.6226512820512821,10.0,195
2021,10,臺南市,0.518642126789366,7.5,978
2021,10,臺東縣,0.5431944444444444,8.0,72
2021,10,花蓮縣,0.40625,6.0,64
2021,10,苗栗縣,2.5806451612903225,8.0,62
2021,10,金門縣,0.0,0.0,15
2021,10,雲林縣,0.4721698113207547,4.0,53
2021,10,高雄市,3.625166344294004,18.0,517
2021,11,南投縣,1.4135813953488372,6.0,43
2021,11,嘉義市,1.3568702290076335,11.0,262
2021,11,嘉義縣,0.5254324324324324,15.384,185
2021,11,基隆市,0.9655172413793104,8.0,29
2021,11,宜蘭縣,0.13247777777777778,2.0,90
2021,11,屏東縣,1.333591743119266,15.789,436
2021,11,彰化縣,1.3989999999999998,6.0,27
2021,11,新北市,0.062146892655367235,4.0,354
2021,11,新竹縣,0.12244897959183673,2.0,49
2021,11,桃園市,1.4285,3.896,4
2021,11,澎湖縣,0.7317073170731707,4.0,41
2021,11,臺中市,1.5988395061728395,9.09,81
2021,11,臺北市,0.6152229729729729,4.0,148
2021,11,臺南市,0.3694041237113402,10.833,970
2021,11,臺東縣,0.3813333333333333,5.128,72
2021,11,花蓮縣,0.5149814814814815,4.0,54
2021,11,苗栗縣,1.8867924528301887,6.0,53
2021,11,金門縣,0.0,0.0,12
2021,11,雲林縣,0.55375,3.921,48
2021,11,高雄市,2.17731843575419,20.0,537
2021,12,南投縣,1.1971923076923077,4.0,52
2021,12,嘉義市,0.5501428571428572,5.172,49
2021,12,嘉義縣,0.06820125786163522,3.846,159
2021,12,基隆市,1.037037037037037,8.0,27
2021,12,宜蘭縣,0.17079787234042554,2.0,94
2021,12,屏東縣,0.9032672811059909,8.928,434
2021,12,彰化縣,0.6465833333333334,5.882,24
2021,12,新北市,0.01079136690647482,2.0,278
2021,12,新竹縣,0.0,0.0,39
2021,12,桃園市,4.0,4.0,1
2021,12,澎湖縣,0.14285714285714285,2.0,42
2021,12,臺中市,1.4360526315789475,6.0,38
2021,12,臺北市,0.5883898305084746,6.0,59
2021,12,臺南市,0.30794321462945135,26.0,1039
2021,12,臺東縣,0.5088354430379747,9.615,79
2021,12,花蓮縣,0.5652173913043478,4.0,46
2021,12,苗栗縣,1.7333333333333334,4.0,30
2021,12,金門縣,0.0,0.0,8
2021,12,雲林縣,0.41330555555555554,3.571,36
2021,12,高雄市,1.1961124497991968,10.0,498
2022,1,南投縣,1.295515625,5.0,64
2022,1,嘉義市,0.0,0.0,18
2022,1,嘉義縣,0.3752375,9.09,80
2022,1,基隆市,1.0,8.0,28
2022,1,宜蘭縣,0.19423655913978494,2.0,93
2022,1,屏東縣,0.5138951048951048,4.0,143
2022,1,彰化縣,0.3333333333333333,2.0,12
2022,1,新北市,0.04824561403508772,4.0,228
2022,1,新竹縣,0.18181818181818182,4.0,44
2022,1,澎湖縣,0.32432432432432434,2.0,37
2022,1,臺中市,0.596125,2.0,16
2022,1,臺北市,0.5818181818181818,4.0,55
2022,1,臺南市,0.18466542288557214,5.454,804
2022,1,臺東縣,0.8609285714285715,34.0,70
2022,1,花蓮縣,3.7534246575342465,254.0,73
2022,1,苗栗縣,1.8064516129032258,8.0,31
2022,1,金門縣,0.0,0.0,14
2022,1,雲林縣,0.42325,2.0,32
2022,1,高雄市,0.8045754716981132,6.0,106
2022,2,南投縣,1.0752096774193547,5.172,62
2022,2,嘉義市,0.0,0.0,20
2022,2,嘉義縣,0.6237826086956522,4.285,69
2022,2,基隆市,0.6896551724137931,6.0,29
2022,2,宜蘭縣,0.27637362637362634,3.333,91
2022,2,屏東縣,0.5302357723577236,5.0,246
2022,2,彰化縣,0.9673636363636364,10.0,33
2022,2,新北市,0.04460966542750929,2.0,269
2022,2,新竹縣,0.43636363636363634,10.0,55
2022,2,桃園市,1.0,2.0,2
2022,2,澎湖縣,0.058823529411764705,2.0,34
2022,2,臺中市,0.8095,4.0,14
2022,2,臺北市,0.21721311475409835,3.0,61
2022,2,臺南市,0.22031962025316454,10.909,632
2022,2,臺東縣,1.1068552631578947,28.0,76
2022,2,花蓮縣,0.3333333333333333,4.0,66
2022,2,苗栗縣,2.121212121212121,6.0,33
2022,2,金門縣,0.0,0.0,10
2022,2,雲林縣,0.4284117647058823,3.636,34
2022,2,高雄市,0.7765208333333332,4.0,96
2022,3,南投縣,1.1675000000000002,6.0,66
2022,3,嘉義市,0.0833,1.666,20
2022,3,嘉義縣,0.36617808219178083,4.0,146
2022,3,基隆市,0.8275862068965517,6.0,29
2022,3,宜蘭縣,0.35337209302325584,6.0,86
2022,3,屏東縣,0.655394366197183,6.024,355
2022,3,彰化縣,0.9230243902439025,8.0,41
2022,3,新北市,0.045627376425855515,2.0,263
2022,3,新竹縣,0.34615384615384615,6.0,52
2022,3,桃園市,0.0,0.0,2
2022,3,澎湖縣,1.0650243902439023,18.0,41
2022,3,臺中市,1.8683606557377048,18.518,61
2022,3,臺北市,0.4289069767441861,4.0,86
2022,3,臺南市,0.4202910994764398,10.0,955
2022,3,臺東縣,0.8355625,5.882,80
2022,3,花蓮縣,0.6666666666666666,6.0,60
2022,3,苗栗縣,2.838709677419355,8.0,31
2022,3,金門縣,0.20825,1.666,8
2022,3,雲林縣,0.39623684210526317,2.0,38
2022,3,高雄市,1.5723614457831325,12.0,83
2022,4,南投縣,1.0328125,4.0,64
2022,4,嘉義市,2.710298913043478,23.0,184
2022,4,嘉義縣,0.15283035714285714,2.0,112
2022,4,基隆市,1.0833333333333333,6.0,24
2022,4,宜蘭縣,0.21111764705882352,2.0,51
2022,4,屏東縣,0.5732234432234432,5.882,273
2022,4,彰化縣,0.875,8.0,16
2022,4,新北市,0.008620689655172414,1.0,116
2022,4,新竹縣,0.19047619047619047,4.0,42
2022,4,桃園市,4.738316455696203,46.0,79
2022,4,澎湖縣,1.0,6.0,58
2022,4,臺中市,2.326090909090909,10.0,11
2022,4,臺北市,0.3684210526315789,3.0,95
2022,4,臺南市,0.44283292383292383,7.5,814
2022,4,臺東縣,0.9597627118644068,15.384,59
2022,4,花蓮縣,1.0,4.0,26
2022,4,苗栗縣,0.8571428571428571,4.0,14
2022,4,金門縣,0.0,0.0,10
2022,4,雲林縣,1.641,4.0,6
2022,4,高雄市,1.1551134751773051,6.0,282
2022,5,南投縣,1.0330151515151516,4.0,66
2022,5,嘉義市,3.7821969696969697,33.0,264
2022,5,嘉義縣,0.1736111111111111,4.0,72
2022,5,基隆市,0.8888888888888888,6.0,36
2022,5,宜蘭縣,0.14119230769230767,1.886,26
2022,5,屏東縣,1.201253807106599,13.414,197
2022,5,新北市,0.050359712230215826,2.0,139
2022,5,新竹縣,0.0,0.0,13
2022,5,桃園市,2.902111111111111,5.555,9
2022,5,澎湖縣,1.540983606557377,14.0,61
2022,5,臺中市,6.0,6.0,1
2022,5,臺北市,1.0,3.0,13
2022,5,臺南市,0.8482306748466257,16.666,815
2022,5,臺東縣,1.2252571428571428,30.769,70
2022,5,花蓮縣,0.9230769230769231,4.0,26
2022,5,苗栗縣,1.7777777777777777,4.0,9
2022,5,雲林縣,1.3139166666666666,4.0,12
2022,5,高雄市,2.5763794549266246,16.0,477
2022,6,南投縣,1.0729152542372882,4.838,59
2022,6,嘉義市,4.713182879377432,39.0,257
2022,6,嘉義縣,0.27529268292682924,4.0,82
2022,6,基隆市,1.0,6.0,46
2022,6,宜蘭縣,0.38026027397260276,8.0,73
2022,6,屏東縣,1.4553228346456692,13.253,254
2022,6,新北市,0.08737864077669903,12.0,206
2022,6,新竹縣,0.47058823529411764,4.0,17
2022,6,桃園市,3.076333333333333,4.0,6
2022,6,澎湖縣,2.8907931034482757,38.0,58
2022,6,臺中市,0.0,0.0,2
2022,6,臺北市,0.7294117647058823,4.0,85
2022,6,臺南市,1.445549889135255,31.25,902
2022,6,臺東縣,0.9384880952380952,24.0,84
2022,6,花蓮縣,0.9230769230769231,4.0,26
2022,6,苗栗縣,2.727272727272727,8.0,22
2022,6,雲林縣,1.2447272727272727,3.846,11
2022,6,高雄市,4.2680745920745915,18.0,429
2022,7,南投縣,1.6795245901639344,6.06,61
2022,7,嘉義市,3.1664280155642026,14.0,257
2022,7,嘉義縣,0.18761379310344828,3.846,145
2022,7,基隆市,0.5957446808510638,6.0,47
2022,7,宜蘭縣,0.15760204081632653,2.0,98
2022,7,屏東縣,1.6292272727272727,8.75,286
2022,7,彰化縣,1.337896551724138,8.928,29
2022,7,新北市,0.12759643916913946,8.0,337
2022,7,新竹縣,0.0,0.0,18
2022,7,桃園市,3.4394545454545455,18.181,88
2022,7,澎湖縣,1.1818181818181819,22.0,66
2022,7,臺中市,2.4607777777777775,12.962,18
2022,7,臺北市,0.4204730538922155,7.0,167
2022,7,臺南市,1.1910467380720544,21.25,1027
2022,7,臺東縣,0.7497428571428572,7.843,70
2022,7,花蓮縣,0.8780487804878049,6.0,41
2022,7,苗栗縣,2.1777666666666664,8.0,30
2022,7,雲林縣,1.4611666666666665,3.921,12
2022,7,高雄市,1.8477346938775512,14.0,588
2022,8,南投縣,1.4297213114754097,7.843,61
2022,8,嘉義市,3.0999964285714285,17.0,280
2022,8,嘉義縣,0.6129523809523809,11.538,168
2022,8,基隆市,0.5454545454545454,4.0,44
2022,8,宜蘭縣,0.21878787878787878,2.0,99
2022,8,屏東縣,1.3211777108433733,8.86,332
2022,8,彰化縣,1.9615230769230771,32.0,65
2022,8,新北市,0.13372093023255813,8.0,344
2022,8,新竹市,0.0,0.0,12
2022,8,新竹縣,1.0,14.0,18
2022,8,桃園市,4.876972602739726,69.23,73
2022,8,澎湖縣,1.2916666666666667,8.0,48
2022,8,臺中市,2.441832167832168,36.619,143
2022,8,臺北市,0.23780487804878048,3.0,164
2022,8,臺南市,0.9496307531380753,12.0,956
2022,8,臺東縣,0.9299117647058823,5.714,68
2022,8,花蓮縣,0.7906976744186046,6.0,43
2022,8,苗栗縣,2.5214,7.142,30
2022,8,雲林縣,1.3139166666666666,4.0,12
2022,8,高雄市,0.9946195995785037,21.794,949
2022,9,南投縣,1.7162794117647058,7.547,68
2022,9,嘉義市,2.8018631178707225,27.0,263
2022,9,嘉義縣,0.2746241134751773,5.555,141
2022,9,基隆市,0.5714285714285714,4.0,42
2022,9,宜蘭縣,0.29202,2.0,100
2022,9,屏東縣,1.2554525745257452,8.955,369
2022,9,彰化縣,1.6463584905660378,9.433,53
2022,9,新北市,0.18787878787878787,30.0,330
2022,9,新竹市,0.33081818181818184,2.0,11
2022,9,新竹縣,0.19047619047619047,2.0,21
2022,9,桃園市,3.567168674698795,26.666,83
2022,9,澎湖縣,0.6129032258064516,12.0,62
2022,9,臺中市,2.8412374100719426,13.725,139
2022,9,臺北市,0.5128205128205128,4.0,156
2022,9,臺南市,0.6959298067141404,15.853,983
2022,9,臺東縣,0.4910810810810811,4.0,74
2022,9,花蓮縣,0.5365853658536586,4.0,41
2022,9,苗栗縣,1.935483870967742,6.0,31
2022,9,雲林縣,1.1470833333333335,4.0,12
2022,9,高雄市,0.8514691558441558,12.0,616
2022,10,南投縣,1.26955,6.0,60
2022,10,嘉義市,1.0201612903225807,10.0,248
2022,10,嘉義縣,0.04447967479674797,1.666,123
2022,10,基隆市,0.55,4.0,40
2022,10,宜蘭縣,0.39823958333333337,2.0,96
2022,10,屏東縣,1.2238626943005182,12.658,386
2022,10,彰化縣,1.6740833333333331,12.0,48
2022,10,新北市,0.06402439024390244,6.0,328
2022,10,新竹市,0.0,0.0,9
2022,10,新竹縣,0.1111111111111111,2.0,18
2022,10,桃園市,1.832782608695652,13.333,46
2022,10,澎湖縣,0.3389830508474576,6.0,59
2022,10,臺中市,1.7678761904761906,7.692,105
2022,10,臺北市,0.5875972222222222,20.0,144
2022,10,臺南市,0.39735738444193913,8.75,887
2022,10,臺東縣,0.7652179487179487,6.0,78
2022,10,花蓮縣,0.5714285714285714,4.0,28
2022,10,苗栗縣,2.413793103448276,8.0,29
2022,10,雲林縣,1.1536666666666666,4.0,12
2022,10,高雄市,1.4135024875621889,10.0,201
2022,11,南投縣,0.9912307692307694,5.0,65
2022,11,嘉義市,1.0564777777777778,10.0,270
2022,11,嘉義縣,0.4636746031746032,10.0,126
2022,11,基隆市,1.0344827586206897,6.0,29
2022,11,宜蘭縣,0.2298736842105263,2.0,95
2022,11,屏東縣,1.1278964401294498,6.818,309
2022,11,彰化縣,0.47100000000000003,4.0,46
2022,11,新北市,0.05625,2.0,320
2022,11,新竹市,0.298,1.666,11
2022,11,新竹縣,0.0,0.0,20
2022,11,桃園市,3.7695000000000003,36.0,24
2022,11,澎湖縣,0.3492063492063492,6.0,63
2022,11,臺中市,2.048691489361702,14.0,94
2022,11,臺北市,0.7142857142857143,4.0,84
2022,11,臺南市,0.5252236559139786,7.5,930
2022,11,臺東縣,0.8114210526315789,11.32,76
2022,11,花蓮縣,0.5517241379310345,4.0,29
2022,11,苗栗縣,1.48,8.0,25
2022,11,金門縣,1.4285714285714286,4.0,7
2022,11,雲林縣,1.5384444444444445,4.0,9
2022,11,高雄市,3.047969111969112,16.0,259
2022,12,南投縣,1.0412333333333335,5.0,60
2022,12,嘉義市,0.0,0.0,12
2022,12,嘉義縣,0.10819379844961241,5.769,129
2022,12,基隆市,0.45714285714285713,4.0,35
2022,12,宜蘭縣,0.12109278350515465,1.923,97
2022,12,屏東縣,1.0700187969924813,6.956,266
2022,12,彰化縣,0.5088717948717949,12.0,39
2022,12,新北市,0.24285714285714285,40.0,210
2022,12,新竹市,0.1865,1.492,8
2022,12,新竹縣,0.1111111111111111,2.0,18
2022,12,桃園市,0.0,0.0,1
2022,12,澎湖縣,0.7142857142857143,14.0,42
2022,12,臺中市,1.9709827586206898,9.259,58
2022,12,臺北市,0.38596491228070173,4.0,57
2022,12,臺南市,0.5313592552026286,8.0,913
2022,12,臺東縣,0.8509473684210526,16.0,76
2022,12,花蓮縣,1.6,4.0,10
2022,12,苗栗縣,1.2727272727272727,4.0,11
2022,12,金門縣,0.0,0.0,7
2022,12,雲林縣,0.99,2.0,4
2022,12,高雄市,1.5163358208955224,9.302,134
2023,1,南投縣,0.8801194029850746,4.285,67
2023,1,嘉義市,0.0,0.0,10
2023,1,嘉義縣,0.1059080459770115,1.923,87
2023,1,基隆市,0.5,4.0,28
2023,1,宜蘭縣,0.10169148936170212,2.0,94
2023,1,屏東縣,0.49718151815181516,5.882,303
2023,1,彰化縣,0.39348571428571427,6.0,35
2023,1,新北市,0.027777777777777776,2.0,216
2023,1,新竹市,0.5,2.0,4
2023,1,新竹縣,0.0,0.0,5
2023,1,桃園市,0.5553333333333333,1.666,3
2023,1,澎湖縣,0.17647058823529413,4.0,34
2023,1,臺中市,1.2685714285714287,6.0,77
2023,1,臺北市,0.3103448275862069,4.0,58
2023,1,臺南市,0.4835836575875487,8.0,771
2023,1,臺東縣,0.7518888888888889,10.0,72
2023,1,花蓮縣,0.625,4.0,48
2023,1,苗栗縣,1.5714285714285714,8.0,28
2023,1,金門縣,0.0,0.0,7
2023,1,雲林縣,0.4428974358974359,4.0,39
2023,1,高雄市,0.44256557377049177,8.0,122
2023,2,南投縣,0.995,4.0,63
2023,2,嘉義市,0.0,0.0,8
2023,2,嘉義縣,0.19775757575757574,4.0,99
2023,2,基隆市,0.6428571428571429,4.0,28
2023,2,宜蘭縣,0.20700000000000002,3.75,89
2023,2,屏東縣,0.4927695652173913,7.692,460
2023,2,彰化縣,0.7221842105263159,8.0,38
2023,2,新北市,0.035211267605633804,4.0,284
2023,2,新竹市,1.2727272727272727,4.0,11
2023,2,新竹縣,0.15625,6.0,64
2023,2,桃園市,3.3905,5.769,4
2023,2,澎湖縣,0.09340476190476191,2.0,42
2023,2,臺中市,1.5541604938271605,8.0,81
2023,2,臺北市,0.33766233766233766,4.0,77
2023,2,臺南市,0.3433667400881057,8.0,908
2023,2,臺東縣,0.8597272727272727,5.66,66
2023,2,花蓮縣,0.65,4.0,40
2023,2,苗栗縣,2.0714285714285716,6.0,28
2023,2,金門縣,0.0,0.0,7
2023,2,雲林縣,0.507842105263158,4.0,38
2023,2,高雄市,0.5514742268041237,4.0,97
2023,3,南投縣,0.7377848101265824,4.0,79
2023,3,嘉義市,0.0,0.0,11
2023,3,嘉義縣,0.08542331288343558,1.923,163
2023,3,基隆市,0.4827586206896552,4.0,29
2023,3,宜蘭縣,0.18274468085106385,4.0,94
2023,3,屏東縣,0.43997972972972976,6.0,592
2023,3,彰化縣,0.6171666666666666,4.0,42
2023,3,新北市,0.11552346570397112,17.0,277
2023,3,新竹市,1.3,4.0,20
2023,3,新竹縣,0.09523809523809523,4.0,63
2023,3,澎湖縣,0.0975609756097561,2.0,41
2023,3,臺中市,1.5454157303370786,7.843,89
2023,3,臺北市,0.13793103448275862,2.0,87
2023,3,臺南市,0.3540158415841584,6.666,1010
2023,3,臺東縣,0.6309189189189189,5.769,74
2023,3,花蓮縣,1.4285714285714286,12.0,42
2023,3,苗栗縣,2.5517241379310347,8.0,29
2023,3,金門縣,0.6666666666666666,4.0,6
2023,3,雲林縣,1.0259047619047619,12.0,42
2023,3,高雄市,1.0084901960784314,14.0,153
2023,4,南投縣,0.8555671641791045,3.571,67
2023,4,嘉義市,2.014782857142857,16.0,175
2023,4,嘉義縣,0.3561881720430108,8.333,186
2023,4,基隆市,0.7142857142857143,4.0,28
2023,4,宜蘭縣,0.26884375,2.0,96
2023,4,屏東縣,0.5603287037037037,9.433,432
2023,4,彰化縣,0.9576666666666667,9.09,51
2023,4,新北市,0.06614785992217899,4.0,257
2023,4,新竹市,1.75,4.0,16
2023,4,新竹縣,0.06060606060606061,2.0,66
2023,4,桃園市,4.085172839506173,18.0,81
2023,4,澎湖縣,0.5660377358490566,4.0,53
2023,4,臺中市,2.5666931818181817,13.58,88
2023,4,臺北市,0.4335340314136126,4.0,191
2023,4,臺南市,0.447590206185567,8.0,776
2023,4,臺東縣,0.4816666666666667,6.0,78
2023,4,花蓮縣,1.2165000000000001,20.253,46
2023,4,苗栗縣,2.1551724137931036,6.0,29
2023,4,金門縣,0.8333333333333334,4.0,12
2023,4,雲林縣,0.9049166666666667,14.0,48
2023,4,高雄市,1.12255421686747,14.0,249
2023,5,南投縣,1.2236666666666665,6.779,69
2023,5,嘉義市,2.7496708333333335,23.0,240
2023,5,嘉義縣,0.3600508474576271,5.172,177
2023,5,基隆市,0.6666666666666666,4.0,42
2023,5,宜蘭縣,0.19036363636363637,2.0,99
2023,5,屏東縣,0.9723055555555555,9.803,468
2023,5,彰化縣,1.2684909090909091,20.0,55
2023,5,新北市,0.10227272727272728,8.0,264
2023,5,新竹市,1.3333333333333333,4.0,15
2023,5,新竹縣,0.15873015873015872,4.0,63
2023,5,桃園市,3.638744444444445,10.909,90
2023,5,澎湖縣,1.2894736842105263,20.0,76
2023,5,臺中市,3.066084210526316,20.895,95
2023,5,臺北市,0.5263316326530613,4.0,196
2023,5,臺南市,0.6379263803680982,8.0,978
2023,5,臺東縣,0.6033866666666667,8.0,75
2023,5,花蓮縣,1.0736744186046512,8.0,43
2023,5,苗栗縣,3.3055555555555554,8.0,36
2023,5,金門縣,0.0,0.0,10
2023,5,雲林縣,1.3825625000000001,14.0,80
2023,5,高雄市,1.618406976744186,8.0,344
2023,6,南投縣,2.779771428571429,25.0,70
2023,6,嘉義市,4.484558232931727,22.0,249
2023,6,嘉義縣,0.4250904977375566,10.169,221
2023,6,基隆市,0.7142857142857143,4.0,42
2023,6,宜蘭縣,0.21676041666666668,4.0,96
2023,6,屏東縣,1.5507862068965517,9.411,435
2023,6,彰化縣,1.8390806451612902,8.0,62
2023,6,新北市,0.07197943444730077,6.0,389
2023,6,新竹市,1.6,4.0,15
2023,6,新竹縣,0.20634920634920634,6.0,63
2023,6,桃園市,4.478307692307692,17.307,78
2023,6,澎湖縣,1.3436022727272727,14.0,88
2023,6,臺中市,3.752136363636364,33.333,110
2023,6,臺北市,0.6114285714285714,6.0,175
2023,6,臺南市,0.9038048469387755,26.923,784
2023,6,臺東縣,1.1624736842105263,15.686,76
2023,6,花蓮縣,0.6640526315789473,10.0,57
2023,6,苗栗縣,3.140909090909091,12.0,55
2023,6,金門縣,0.619,2.0,12
2023,6,雲林縣,1.0408676470588234,6.0,68
2023,6,高雄市,3.0776228373702423,24.0,289
2023,7,南投縣,2.658553571428571,11.538,56
2023,7,嘉義市,4.101203791469194,25.0,211
2023,7,嘉義縣,0.34660493827160493,5.769,324
2023,7,基隆市,0.8837209302325582,8.0,43
2023,7,宜蘭縣,0.12962244897959183,3.846,98
2023,7,屏東縣,1.6333817204301075,10.909,558
2023,7,彰化縣,2.743029411764706,28.301,68
2023,7,新北市,0.14905149051490515,12.0,369
2023,7,新竹市,1.0666666666666667,4.0,15
2023,7,新竹縣,0.15873015873015872,4.0,63
2023,7,桃園市,3.5512814814814817,21.978,135
2023,7,澎湖縣,0.8395061728395061,10.0,81
2023,7,臺中市,3.231586538461538,20.754,104
2023,7,臺北市,0.4827586206896552,4.0,145
2023,7,臺南市,0.5513069016152716,20.0,681
2023,7,臺東縣,0.7857671232876712,12.0,73
2023,7,花蓮縣,1.6694255319148934,38.0,47
2023,7,苗栗縣,2.4150943396226414,8.0,53
2023,7,金門縣,1.5555555555555556,8.0,9
2023,7,雲林縣,1.5194025974025973,8.0,77
2023,7,高雄市,4.561490909090909,37.5,220
2023,8,南投縣,2.3108877005347597,8.0,187
2023,8,嘉義市,5.193741071428571,45.0,224
2023,8,嘉義縣,0.8652461538461539,30.188,390
2023,8,基隆市,0.6508958333333333,4.0,48
2023,8,宜蘭縣,0.193659793814433,4.0,97
2023,8,屏東縣,1.473196110210697,11.32,617
2023,8,彰化縣,4.254257142857143,26.984,70
2023,8,新北市,0.08382262210796915,2.941,389
2023,8,新竹市,2.8349375,18.333,32
2023,8,新竹縣,0.7532638888888888,15.384,72
2023,8,桃園市,3.3959589041095892,36.538,292
2023,8,澎湖縣,2.0,24.0,68
2023,8,臺中市,4.099809523809524,33.333,126
2023,8,臺北市,0.791970802919708,6.0,274
2023,8,臺南市,0.7661251002405775,16.981,1247
2023,8,臺東縣,2.104518987341772,42.0,79
2023,8,花蓮縣,1.2887916666666668,12.222,48
2023,8,苗栗縣,3.1117846153846154,12.0,65
2023,8,金門縣,2.4910625,8.0,16
2023,8,雲林縣,2.022898550724638,13.333,69
2023,8,高雄市,4.725553623188406,40.0,345
2023,9,南投縣,2.048497142857143,22.0,175
2023,9,嘉義市,3.793739130434783,20.0,138
2023,9,嘉義縣,0.37513163972286373,13.888,433
2023,9,基隆市,0.7305652173913044,4.0,46
2023,9,宜蘭縣,0.3350066225165563,4.0,151
2023,9,屏東縣,1.1737036247334753,15.384,469
2023,9,彰化縣,4.455214285714286,44.23,70
2023,9,新北市,0.10438413361169102,8.0,479
2023,9,新竹市,3.0027647058823526,12.0,17
2023,9,新竹縣,0.8619178082191781,13.333,73
2023,9,桃園市,2.2425833333333336,48.0,132
2023,9,澎湖縣,3.65384375,40.0,64
2023,9,臺中市,3.570179310344828,30.0,145
2023,9,臺北市,0.41843971631205673,8.0,423
2023,9,臺南市,0.4787626752966559,31.746,1854
2023,9,臺東縣,2.300886075949367,78.431,79
2023,9,花蓮縣,1.3571428571428572,12.0,28
2023,9,苗栗縣,2.7062037037037037,12.0,54
2023,9,金門縣,1.1428,6.0,10
2023,9,雲林縣,2.8425652173913045,32.0,69
2023,9,高雄市,5.412899686520376,40.677,319
2023,10,南投縣,1.6297796610169493,10.714,177
2023,10,嘉義市,4.153236686390533,24.647,169
2023,10,嘉義縣,0.2095493273542601,7.692,446
2023,10,基隆市,0.5243673469387755,4.0,49
2023,10,宜蘭縣,0.32932867132867133,8.0,143
2023,10,屏東縣,1.1009705882352943,9.433,408
2023,10,彰化縣,0.88098,6.0,50
2023,10,新北市,0.12322274881516587,6.0,422
2023,10,新竹市,2.7556875,5.172,16
2023,10,新竹縣,0.27586206896551724,6.0,58
2023,10,桃園市,1.268,24.0,89
2023,10,澎湖縣,0.9056603773584906,8.0,53
2023,10,臺中市,2.5553237410071943,11.111,139
2023,10,臺北市,0.46005509641873277,8.0,363
2023,10,臺南市,0.20895974025974026,40.0,1540
2023,10,臺東縣,0.9636962025316457,15.686,79
2023,10,花蓮縣,1.7758620689655173,18.0,29
2023,10,苗栗縣,3.45631746031746,16.0,63
2023,10,金門縣,0.4444444444444444,4.0,9
2023,10,雲林縣,1.0124603174603175,8.823,63
2023,10,高雄市,4.431404682274247,16.0,299
2023,11,南投縣,0.7896514285714286,5.882,175
2023,11,嘉義市,1.5418895966029724,11.111,471
2023,11,嘉義縣,0.31300330033003304,6.25,303
2023,11,基隆市,0.6666666666666666,4.0,30
2023,11,宜蘭縣,0.1036015037593985,2.0,133
2023,11,屏東縣,0.8244922048997773,8.0,449
2023,11,彰化縣,0.5756981132075472,6.0,53
2023,11,新北市,0.07731958762886598,4.0,388
2023,11,新竹市,1.6766,3.076,10
2023,11,新竹縣,0.7993529411764706,8.0,17
2023,11,桃園市,0.9575,25.6,64
2023,11,澎湖縣,0.7352592592592593,6.0,54
2023,11,臺中市,1.7307227722772276,6.153,101
2023,11,臺北市,0.19933554817275748,4.0,301
2023,11,臺南市,0.14350514347590687,6.185,1847
2023,11,臺東縣,0.7490641025641026,19.23,78
2023,11,花蓮縣,1.3333333333333333,4.0,18
2023,11,苗栗縣,2.8773061224489798,12.0,49
2023,11,金門縣,0.5356666666666666,3.0,12
2023,11,雲林縣,0.6522340425531915,4.411,47
2023,11,高雄市,3.5133630363036303,22.0,303
2023,12,南投縣,0.6991228070175439,5.263,57
2023,12,嘉義市,0.9912317757009346,13.846,535
2023,12,嘉義縣,0.2816338797814208,10.0,183
2023,12,基隆市,0.6896551724137931,4.0,29
2023,12,宜蘭縣,0.07987037037037037,2.0,108
2023,12,屏東縣,0.4274326750448833,7.547,557
2023,12,彰化縣,0.6111111111111112,6.0,36
2023,12,新北市,0.21221864951768488,48.0,311
2023,12,新竹市,1.84575,4.0,8
2023,12,新竹縣,0.0,0.0,8
2023,12,桃園市,3.4675454545454545,24.528,11
2023,12,澎湖縣,0.3783783783783784,4.0,37
2023,12,臺中市,1.3952205882352942,4.918,68
2023,12,臺北市,0.13008130081300814,3.0,123
2023,12,臺南市,0.10485065434949961,8.0,1299
2023,12,臺東縣,0.57648,5.882,75
2023,12,花蓮縣,1.2344285714285714,4.0,21
2023,12,苗栗縣,2.612862068965517,6.0,29
2023,12,金門縣,0.0,0.0,3
2023,12,雲林縣,1.1826875,6.41,32
2023,12,高雄市,3.020558394160584,36.0,274
2024,1,南投縣,0.7741333333333333,6.0,60
2024,1,嘉義市,1.4702510288065844,15.0,243
2024,1,嘉義縣,0.18421052631578946,3.846,133
2024,1,基隆市,0.5,4.0,28
2024,1,宜蘭縣,0.07361290322580645,2.0,93
2024,1,屏東縣,0.8273154761904762,9.433,336
2024,1,彰化縣,0.35294117647058826,6.0,34
2024,1,新北市,0.024291497975708502,2.0,247
2024,1,新竹市,0.9059166666666667,3.333,12
2024,1,新竹縣,0.0,0.0,6
2024,1,桃園市,2.21725,3.75,4
2024,1,澎湖縣,0.041666666666666664,2.0,48
2024,1,臺中市,0.873453488372093,5.882,86
2024,1,臺北市,0.14285714285714285,3.0,84
2024,1,臺南市,0.1475116525423729,8.0,944
2024,1,臺東縣,0.3542,8.0,75
2024,1,花蓮縣,0.8,4.0,35
2024,1,苗栗縣,1.800375,6.0,32
2024,1,金門縣,0.17857142857142858,1.25,7
2024,1,雲林縣,0.46654761904761904,4.411,42
2024,1,高雄市,1.7358222222222224,16.129,270
2024,2,南投縣,0.7778571428571429,5.769,63
2024,2,嘉義市,1.3878609625668448,11.0,187
2024,2,嘉義縣,0.6177156862745098,6.0,102
2024,2,基隆市,0.2857142857142857,2.0,28
2024,2,宜蘭縣,0.10474468085106384,2.0,94
2024,2,屏東縣,0.5529391727493917,8.0,411
2024,2,彰化縣,0.7058823529411765,4.0,34
2024,2,新北市,0.0076045627376425855,2.0,263
2024,2,新竹市,0.9090909090909091,3.0,11
2024,2,新竹縣,0.0,0.0,53
2024,2,桃園市,3.2902307692307695,8.75,26
2024,2,澎湖縣,0.3762972972972973,4.0,37
2024,2,臺中市,1.032505376344086,6.0,93
2024,2,臺北市,0.6176470588235294,6.0,68
2024,2,臺南市,0.10619469026548672,8.0,791
2024,2,臺東縣,0.6239350649350649,9.615,77
2024,2,花蓮縣,13.435466666666667,126.0,15
2024,2,苗栗縣,2.3225806451612905,8.0,31
2024,2,金門縣,0.0,0.0,14
2024,2,雲林縣,0.12953846153846152,2.0,39
2024,2,高雄市,1.3336344086021505,7.547,93
2024,3,南投縣,1.1158775510204082,5.084,49
2024,3,嘉義市,1.563644,10.0,250
2024,3,嘉義縣,0.655860824742268,11.842,194
2024,3,基隆市,0.5,4.0,28
2024,3,宜蘭縣,0.21531958762886597,2.0,97
2024,3,屏東縣,0.45299342105263163,8.0,608
2024,3,彰化縣,0.9798372093023257,7.407,43
2024,3,新北市,0.019011406844106463,2.0,263
2024,3,新竹市,0.990375,3.846,16
2024,3,新竹縣,0.2,4.0,60
2024,3,桃園市,3.757788079470199,56.603,151
2024,3,澎湖縣,0.2,2.0,50
2024,3,臺中市,1.3162921348314607,9.259,89
2024,3,臺北市,0.28846153846153844,7.0,104
2024,3,臺南市,0.15590785340314137,4.0,955
2024,3,臺東縣,0.5671923076923077,5.263,78
2024,3,花蓮縣,1.209725,11.0,40
2024,3,苗栗縣,1.8064516129032258,8.0,31
2024,3,金門縣,0.4073333333333333,2.0,9
2024,3,雲林縣,0.2984888888888889,3.846,45
2024,3,高雄市,0.6025401459854015,8.333,274
2024,4,南投縣,1.1133833333333334,4.687,60
2024,4,嘉義市,1.3242315789473684,16.0,190
2024,4,嘉義縣,0.48681012658227846,16.0,237
2024,4,基隆市,0.7142857142857143,4.0,28
2024,4,宜蘭縣,0.1561078431372549,2.0,102
2024,4,屏東縣,0.47694002998500745,8.0,667
2024,4,彰化縣,1.3626122448979592,11.764,49
2024,4,新北市,0.04247104247104247,4.0,259
2024,4,新竹市,2.1058,4.0,15
2024,4,新竹縣,0.40625,18.0,64
2024,4,桃園市,3.7030952380952384,19.607,147
2024,4,澎湖縣,0.65,6.0,40
2024,4,臺中市,2.2484455445544556,16.0,101
2024,4,臺北市,1.0210526315789474,24.0,190
2024,4,臺南市,0.3054607843137255,10.0,1632
2024,4,臺東縣,0.46557894736842104,6.0,76
2024,4,花蓮縣,1.0844615384615384,10.294,39
2024,4,苗栗縣,2.2142857142857144,8.0,28
2024,4,金門縣,0.6666666666666666,2.0,9
2024,4,雲林縣,0.6523846153846153,8.75,52
2024,4,高雄市,0.5380711462450594,6.666,253
2024,5,南投縣,1.53303125,5.357,64
2024,5,嘉義市,3.3343006134969326,19.0,163
2024,5,嘉義縣,0.4136439024390244,9.615,205
2024,5,基隆市,0.5454545454545454,4.0,44
2024,5,宜蘭縣,0.32174489795918365,3.636,98
2024,5,屏東縣,0.7036595744680851,23.728,705
2024,5,彰化縣,1.8556666666666666,26.0,57
2024,5,新北市,0.05474452554744526,2.0,274
2024,5,新竹市,2.242375,8.0,16
2024,5,新竹縣,0.3787727272727273,23.076,66
2024,5,桃園市,3.9646453201970444,36.0,203
2024,5,澎湖縣,1.6948571428571428,20.0,105
2024,5,臺中市,2.7440188679245283,12.0,106
2024,5,臺北市,1.8043478260869565,33.0,184
2024,5,臺南市,0.5540172735760971,30.0,2142
2024,5,臺東縣,0.9273414634146342,7.843,82
2024,5,花蓮縣,2.798672727272727,17.721,55
2024,5,苗栗縣,2.5806451612903225,8.0,31
2024,5,金門縣,0.6038333333333333,2.0,12
2024,5,雲林縣,2.387077922077922,60.0,77
2024,5,高雄市,0.6455277777777778,14.0,216
2024,6,南投縣,1.503032786885246,7.407,61
2024,6,嘉義市,4.745045714285714,24.0,175
2024,6,嘉義縣,1.394574074074074,32.0,162
2024,6,基隆市,0.7555555555555555,6.0,45
2024,6,宜蘭縣,0.26453846153846156,2.0,104
2024,6,屏東縣,1.1345032051282051,23.333,624
2024,6,彰化縣,1.7386666666666666,30.0,66
2024,6,新北市,0.08918023255813953,7.0,344
2024,6,新竹市,2.2222222222222223,8.0,9
2024,6,新竹縣,0.25806451612903225,10.0,62
2024,6,桃園市,2.6023225806451613,7.272,31
2024,6,澎湖縣,3.8737864077669903,32.0,103
2024,6,臺中市,3.4442970297029705,22.0,101
2024,6,臺北市,0.9941895424836601,6.0,153
2024,6,臺南市,1.1438020094562649,36.0,1692
2024,6,臺東縣,1.2755789473684211,24.528,76
2024,6,花蓮縣,2.1508979591836734,40.0,49
2024,6,苗栗縣,2.107142857142857,8.0,56
2024,6,金門縣,0.0,0.0,11
2024,6,雲林縣,1.415871794871795,26.0,78
2024,6,高雄市,1.7242329317269076,24.0,249
2024,7,南投縣,1.360157894736842,5.882,57
2024,7,嘉義市,3.8493105022831053,43.0,219
2024,7,嘉義縣,0.3660829268292683,8.928,205
2024,7,基隆市,0.7142857142857143,6.0,42
2024,7,宜蘭縣,0.34697,4.0,100
2024,7,屏東縣,0.9712779552715655,9.259,626
2024,7,彰化縣,0.9127972972972973,8.0,74
2024,7,新北市,0.0,0.0,57
2024,7,新竹市,0.31941176470588234,2.0,17
2024,7,新竹縣,0.208955223880597,14.0,67
2024,7,桃園市,2.091,20.0,13
2024,7,澎湖縣,1.6470588235294117,10.0,85
2024,7,臺中市,2.6453068181818185,11.666,88
2024,7,臺北市,0.8,8.0,100
2024,7,臺南市,1.0327608426270136,18.0,1614
2024,7,臺東縣,0.5513896103896104,6.0,77
2024,7,花蓮縣,1.2197428571428572,8.0,35
2024,7,苗栗縣,2.111111111111111,8.0,54
2024,7,金門縣,1.0909090909090908,4.0,11
2024,7,雲林縣,1.6122727272727273,26.666,77
2024,7,高雄市,2.2780977443609025,26.363,266
2024,8,南投縣,1.3932666666666667,6.153,60
2024,8,嘉義市,3.6390652173913045,22.0,230
2024,8,嘉義縣,0.9325991189427312,29.411,227
2024,8,基隆市,0.23255813953488372,2.0,43
2024,8,宜蘭縣,0.38228282828282834,2.0,99
2024,8,屏東縣,0.18326118326118326,7.407,693
2024,8,彰化縣,1.661918918918919,28.0,74
2024,8,新北市,0.07850753768844221,7.042,398
2024,8,新竹市,1.7678888888888888,8.0,18
2024,8,新竹縣,0.478969696969697,26.0,66
2024,8,桃園市,0.2639090909090909,1.923,11
2024,8,澎湖縣,2.779,14.0,87
2024,8,臺中市,2.667869565217391,18.644,115
2024,8,臺北市,1.7422680412371134,30.0,97
2024,8,臺南市,0.3497247405789186,12.0,1831
2024,8,臺東縣,3.0093456790123456,96.0,81
2024,8,花蓮縣,3.9631025641025643,26.0,39
2024,8,苗栗縣,2.5382807017543856,8.0,57
2024,8,金門縣,0.0,0.0,11
2024,8,雲林縣,1.8266835443037974,45.714,79
2024,8,高雄市,0.10256410256410256,18.0,234
2024,9,南投縣,1.6493392857142857,8.62,56
2024,9,嘉義市,4.578974522292993,31.0,157
2024,9,嘉義縣,1.2896106194690264,26.0,226
2024,9,基隆市,0.09302325581395349,2.0,43
2024,9,宜蘭縣,0.3187938144329897,4.0,97
2024,9,屏東縣,0.0,0.0,633
2024,9,彰化縣,1.4322903225806454,8.0,62
2024,9,新北市,0.0,0.0,42
2024,9,新竹市,4.584083333333333,23.529,12
2024,9,新竹縣,0.3835873015873016,12.0,63
2024,9,桃園市,1.6297368421052632,9.009,19
2024,9,澎湖縣,4.657917647058824,30.0,85
2024,9,臺中市,3.0593563218390805,18.181,87
2024,9,臺北市,0.5522388059701493,4.0,134
2024,9,臺南市,0.1280162748643761,14.0,1659
2024,9,臺東縣,1.0293253012048194,15.384,83
2024,9,花蓮縣,4.181233333333333,48.051,30
2024,9,苗栗縣,1.75,8.0,48
2024,9,金門縣,0.5714285714285714,4.0,7
2024,9,雲林縣,0.9170246913580247,16.0,81
2024,9,高雄市,0.035842293906810034,10.0,279
2024,10,南投縣,1.5583333333333333,8.0,54
2024,10,嘉義市,2.36860103626943,16.0,193
2024,10,嘉義縣,0.5765223880597015,13.461,201
2024,10,基隆市,0.45454545454545453,8.0,44
2024,10,宜蘭縣,0.2299578947368421,2.0,95
2024,10,屏東縣,0.22331740614334472,9.433,586
2024,10,彰化縣,0.8800727272727272,21.153,55
2024,10,新北市,0.0,0.0,35
2024,10,新竹市,1.606,4.0,14
2024,10,新竹縣,0.15341538461538462,3.75,65
2024,10,桃園市,1.1364285714285713,4.0,14
2024,10,澎湖縣,2.2962962962962963,14.0,81
2024,10,臺中市,2.1170625000000003,10.937,80
2024,10,臺北市,0.546875,18.0,192
2024,10,臺南市,0.14285419532324622,10.0,1454
2024,10,臺東縣,0.8393717948717949,14.062,78
2024,10,花蓮縣,1.4807187499999999,8.0,32
2024,10,苗栗縣,5.112625,38.0,56
2024,10,金門縣,0.0,0.0,12
2024,10,雲林縣,0.5326486486486486,8.571,74
2024,10,高雄市,0.15047021943573669,14.0,319
2024,11,南投縣,1.1327833333333333,4.918,60
2024,11,嘉義市,2.165403846153846,13.0,208
2024,11,嘉義縣,0.6662285714285714,26.0,210
2024,11,基隆市,0.20689655172413793,2.0,29
2024,11,宜蘭縣,0.18622448979591838,2.0,98
2024,11,屏東縣,0.0,0.0,687
2024,11,彰化縣,0.8890576923076924,7.692,52
2024,11,新北市,0.1,2.0,40
2024,11,新竹市,0.7961666666666667,2.777,6
2024,11,新竹縣,0.3333333333333333,2.0,12
2024,11,桃園市,0.0,0.0,9
2024,11,澎湖縣,1.7913333333333332,18.0,78
2024,11,臺中市,2.1872235294117646,8.0,85
2024,11,臺北市,0.7044025157232704,11.0,159
2024,11,臺南市,0.0013783597518952446,2.0,1451
2024,11,臺東縣,0.49610666666666664,9.803,75
2024,11,花蓮縣,2.9711666666666665,14.0,24
2024,11,苗栗縣,2.088888888888889,6.0,45
2024,11,金門縣,0.0,0.0,4
2024,11,雲林縣,1.6811910112359552,13.414,89
2024,11,高雄市,0.014285714285714285,4.0,280
2024,12,南投縣,1.1965666666666666,6.896,30
2024,12,嘉義市,0.0,0.0,17
2024,12,嘉義縣,0.16796067415730337,6.0,178
2024,12,基隆市,0.3448275862068966,4.0,29
2024,12,宜蘭縣,0.056596153846153845,2.0,104
2024,12,屏東縣,0.0,0.0,657
2024,12,彰化縣,0.5142857142857142,4.0,35
2024,12,新北市,0.0,0.0,12
2024,12,新竹市,1.3333333333333333,4.0,3
2024,12,新竹縣,0.0,0.0,5
2024,12,桃園市,1.333,2.0,4
2024,12,澎湖縣,0.5373134328358209,8.0,67
2024,12,臺中市,1.3667794117647059,7.142,68
2024,12,臺北市,0.1891891891891892,4.0,37
2024,12,臺南市,0.03767910447761194,6.0,804
2024,12,臺東縣,0.3264324324324324,8.333,74
2024,12,花蓮縣,2.95825,10.0,8
2024,12,苗栗縣,2.044433333333333,6.0,30
2024,12,金門縣,0.0,0.0,4
2024,12,雲林縣,1.216,12.0,56
2024,12,高雄市,0.43215360501567396,10.0,319
2025,1,南投縣,0.7006274509803921,4.0,51
2025,1,嘉義市,0.0,0.0,13
2025,1,嘉義縣,0.6917555555555555,5.555,90
2025,1,基隆市,0.0,0.0,29
2025,1,宜蘭縣,0.22018085106382979,2.0,94
2025,1,屏東縣,0.0636217008797654,4.0,341
2025,1,彰化縣,0.0,0.0,23
2025,1,新北市,0.006664310954063604,1.886,283
2025,1,新竹市,0.0,0.0,10
2025,1,桃園市,0.0,0.0,6
2025,1,澎湖縣,0.21739130434782608,4.0,46
2025,1,臺中市,0.9950581395348838,4.477,86
2025,1,臺北市,0.17307692307692307,2.0,52
2025,1,臺南市,0.0,0.0,761
2025,1,臺東縣,0.263525,4.054,80
2025,1,花蓮縣,1.0,8.0,18
2025,1,苗栗縣,1.6129032258064515,8.0,31
2025,1,金門縣,0.0,0.0,10
2025,1,雲林縣,0.26124489795918365,5.555,49
2025,1,高雄市,0.14736842105263157,4.0,95
2025,2,南投縣,0.9292142857142858,6.557,56
2025,2,嘉義市,1.7730945945945946,24.0,148
2025,2,嘉義縣,1.0267128712871287,12.963,101
2025,2,基隆市,0.14285714285714285,4.0,28
2025,2,宜蘭縣,0.2655154639175258,2.0,97
2025,2,屏東縣,0.08361169102296451,3.846,479
2025,2,彰化縣,1.5756136363636364,6.0,44
2025,2,新北市,0.010530035335689046,2.0,283
2025,2,新竹市,0.0,0.0,9
2025,2,新竹縣,0.16666666666666666,4.0,60
2025,2,桃園市,2.6058947368421053,4.0,19
2025,2,澎湖縣,0.13953488372093023,2.0,43
2025,2,臺中市,1.2788674698795182,6.0,83
2025,2,臺北市,0.2112676056338028,4.0,71
2025,2,臺南市,0.04282941176470589,6.0,850
2025,2,臺東縣,0.6964683544303798,19.23,79
2025,2,花蓮縣,0.7647058823529411,8.0,34
2025,2,苗栗縣,2.4193548387096775,8.0,31
2025,2,金門縣,0.0,0.0,13
2025,2,雲林縣,0.3915869565217392,8.0,46
2025,2,高雄市,0.2652627118644068,9.21,118
2025,3,南投縣,1.3434150943396226,6.0,53
2025,3,嘉義市,2.3438823529411765,16.0,204
2025,3,嘉義縣,0.6791428571428572,10.169,189
2025,3,基隆市,0.13793103448275862,2.0,29
2025,3,宜蘭縣,0.20086868686868686,2.0,99
2025,3,屏東縣,0.0,0.0,406
2025,3,彰化縣,0.6801578947368421,6.0,38
2025,3,新北市,0.019230769230769232,4.0,312
2025,3,新竹市,0.9565217391304348,6.0,23
2025,3,新竹縣,0.03125,2.0,64
2025,3,桃園市,3.5629166666666667,30.0,216
2025,3,澎湖縣,0.4888888888888889,6.0,45
2025,3,臺中市,1.7438555555555555,10.0,90
2025,3,臺北市,0.23684210526315788,3.0,76
2025,3,臺南市,0.0,0.0,837
2025,3,臺東縣,0.8173048780487806,19.23,82
2025,3,花蓮縣,2.173739130434783,50.0,46
2025,3,苗栗縣,1.9310344827586208,6.0,29
2025,3,雲林縣,0.7624166666666666,17.647,48
2025,3,高雄市,0.04481203007518797,2.0,133
2025,4,南投縣,1.1203684210526317,7.407,57
2025,4,嘉義市,2.1680810810810813,17.0,185
2025,4,嘉義縣,0.8719463414634147,16.0,205
2025,4,基隆市,0.25,4.0,32
2025,4,宜蘭縣,0.14432989690721648,2.0,97
2025,4,屏東縣,0.0,0.0,449
2025,4,彰化縣,1.2512608695652174,8.0,46
2025,4,新北市,0.0059288256227758,1.666,281
2025,4,新竹市,1.5789473684210527,6.0,19
2025,4,新竹縣,0.0,0.0,66
2025,4,桃園市,3.3574285714285717,5.66,147
2025,4,澎湖縣,0.625,8.0,48
2025,4,臺中市,2.414342105263158,9.259,76
2025,4,臺北市,0.6890243902439024,9.0,164
2025,4,臺南市,0.0,0.0,1442
2025,4,臺東縣,0.5181410256410256,7.843,78
2025,4,花蓮縣,1.615657894736842,8.0,38
2025,4,苗栗縣,2.47915625,12.0,32
2025,4,金門縣,0.0,0.0,10
2025,4,雲林縣,0.7802549019607843,6.41,51
2025,4,高雄市,0.08664259927797834,4.0,277
2025,5,南投縣,1.2882363636363636,7.272,55
2025,5,嘉義市,2.781317880794702,18.0,151
2025,5,嘉義縣,0.5030684931506849,9.09,219
2025,5,基隆市,0.3181818181818182,6.0,44
2025,5,宜蘭縣,0.28125,2.0,96
2025,5,屏東縣,0.3623619246861925,10.0,478
2025,5,彰化縣,3.3385227272727267,40.0,44
2025,5,新北市,0.033625429553264606,4.0,291
2025,5,新竹市,0.47058823529411764,4.0,17
2025,5,新竹縣,0.0,0.0,65
2025,5,桃園市,3.4302709677419356,27.777,155
2025,5,澎湖縣,0.8571428571428571,10.0,98
2025,5,臺中市,2.459069306930693,11.538,101
2025,5,臺北市,1.5862068965517242,17.0,116
2025,5,臺南市,0.1244431746031746,8.0,1575
2025,5,臺東縣,0.7177530864197531,6.0,81
2025,5,花蓮縣,1.9513617021276595,8.0,47
2025,5,苗栗縣,2.5294117647058822,6.0,34
2025,5,金門縣,0.0,0.0,9
2025,5,雲林縣,1.0088125,15.294,80
2025,5,高雄市,0.7707745803357314,18.0,417
2025,6,南投縣,1.6297368421052632,7.272,57
2025,6,嘉義市,4.64856783919598,28.0,199
2025,6,嘉義縣,0.9178472222222221,21.568,216
2025,6,基隆市,0.27906976744186046,4.0,43
2025,6,宜蘭縣,0.30612244897959184,4.0,98
2025,6,屏東縣,1.1378577154308618,10.909,499
2025,6,彰化縣,1.3168243243243243,11.111,74
2025,6,新北市,0.0,0.0,385
2025,6,新竹市,0.6183,2.0,20
2025,6,新竹縣,0.21875,12.0,64
2025,6,桃園市,2.3631025641025643,7.272,39
2025,6,澎湖縣,1.6031782178217822,12.0,101
2025,6,臺中市,2.4896483516483516,9.259,91
2025,6,臺北市,0.9230769230769231,7.0,78
2025,6,臺南市,0.48167607440667093,20.0,1559
2025,6,臺東縣,0.8082926829268293,21.428,82
2025,6,花蓮縣,2.5552972972972974,10.0,37
2025,6,苗栗縣,2.1403508771929824,8.0,57
2025,6,金門縣,0.4444444444444444,4.0,9
2025,6,雲林縣,1.160607594936709,16.0,79
2025,6,高雄市,1.842717086834734,16.0,357
2025,7,南投縣,0.9502631578947368,5.555,57
2025,7,嘉義市,5.21327536231884,22.0,207
2025,7,嘉義縣,0.8265507246376812,15.384,207
2025,7,基隆市,0.13953488372093023,4.0,43
2025,7,宜蘭縣,0.15789473684210525,2.0,95
2025,7,屏東縣,1.5074658869395712,15.094,513
2025,7,彰化縣,2.062324324324324,19.607,74
2025,7,新北市,0.0,0.0,394
2025,7,新竹市,1.35,6.0,20
2025,7,新竹縣,0.3539701492537314,16.0,67
2025,7,桃園市,0.6315454545454545,2.857,11
2025,7,澎湖縣,2.53029203539823,24.0,113
2025,7,臺中市,2.6760412371134024,32.786,97
2025,7,臺北市,0.74,9.0,100
2025,7,臺南市,0.4731720779220779,14.0,1540
2025,7,臺東縣,0.9993488372093023,11.111,86
2025,7,花蓮縣,2.1780555555555554,6.41,36
2025,7,苗栗縣,2.193548387096774,10.0,62
2025,7,金門縣,0.0,0.0,10
2025,7,雲林縣,1.1665617977528089,23.943,89
2025,7,高雄市,2.1542407407407405,50.0,270
2025,8,南投縣,1.3476724137931033,4.918,58
2025,8,嘉義市,4.265357575757576,19.0,165
2025,8,嘉義縣,0.7461029411764707,7.692,204
2025,8,基隆市,0.5714285714285714,8.0,42
2025,8,宜蘭縣,0.10416666666666667,2.0,96
2025,8,屏東縣,1.3336488549618322,13.461,393
2025,8,彰化縣,0.9810434782608697,10.0,69
2025,8,新北市,0.0,0.0,390
2025,8,新竹市,0.9473684210526315,6.0,19
2025,8,新竹縣,0.2099090909090909,6.779,66
2025,8,桃園市,0.3564545454545454,3.921,11
2025,8,澎湖縣,2.7257171717171715,20.0,99
2025,8,臺中市,2.485813084112149,10.0,107
2025,8,臺北市,0.8,4.0,95
2025,8,臺南市,0.48112762430939227,22.0,1810
2025,8,臺東縣,0.9967011494252874,17.241,87
2025,8,花蓮縣,2.375485714285714,10.0,35
2025,8,苗栗縣,2.215686274509804,8.0,51
2025,8,金門縣,0.31163636363636366,2.0,11
2025,8,雲林縣,1.5520617283950617,22.666,81
2025,8,高雄市,3.4578011363636363,46.031,176
2025,9,南投縣,1.264774193548387,6.0,62
2025,9,嘉義市,2.3713055555555558,11.32,144
2025,9,嘉義縣,0.6683971962616823,8.0,214
2025,9,基隆市,0.13953488372093023,4.0,43
2025,9,宜蘭縣,0.16494845360824742,4.0,97
2025,9,屏東縣,0.9282573221757322,10.0,478
2025,9,彰化縣,0.9811639344262295,12.0,61
2025,9,新北市,0.48036090225563904,100.0,399
2025,9,新竹市,1.0,4.0,20
2025,9,新竹縣,0.2222222222222222,4.0,63
2025,9,桃園市,1.9226874999999999,10.526,16
2025,9,澎湖縣,0.8932038834951457,10.0,103
2025,9,臺中市,2.2990752688172043,10.0,93
2025,9,臺北市,1.0721649484536082,6.0,97
2025,9,臺南市,0.2737168815943728,12.0,1706
2025,9,臺東縣,0.6336477272727273,5.769,88
2025,9,花蓮縣,1.756675,8.0,40
2025,9,苗栗縣,2.9589814814814814,40.0,54
2025,9,金門縣,0.0,0.0,13
2025,9,雲林縣,0.4621780821917808,3.883,73
2025,9,高雄市,1.6778674948240164,28.0,483
2025,10,南投縣,1.3966666666666667,9.259,60
2025,10,嘉義市,1.1815588235294119,7.142,136
2025,10,嘉義縣,0.3284263959390863,4.0,197
2025,10,基隆市,0.16666666666666666,6.0,36
2025,10,宜蘭縣,0.06,2.0,100
2025,10,屏東縣,0.814323340471092,8.771,467
2025,10,彰化縣,0.7288166666666667,7.843,60
2025,10,新北市,0.010526315789473684,4.0,380
2025,10,新竹市,1.6875,4.0,16
2025,10,新竹縣,0.0,0.0,62
2025,10,桃園市,1.6991195652173914,51.578,92
2025,10,澎湖縣,0.5806451612903226,6.0,93
2025,10,臺中市,1.7920392156862746,6.0,102
2025,10,臺北市,0.5622980769230769,6.0,208
2025,10,臺南市,0.13198434163701067,7.843,1405
2025,10,臺東縣,0.7035057471264368,11.538,87
2025,10,花蓮縣,1.292216216216216,8.0,37
2025,10,苗栗縣,2.439446428571429,24.0,56
2025,10,金門縣,0.0,0.0,5
2025,10,雲林縣,0.2934305555555556,5.472,72
2025,10,高雄市,1.8317483660130718,32.0,306
2025,11,南投縣,1.3804999999999998,5.454,48
2025,11,嘉義市,0.4546875,5.0,128
2025,11,嘉義縣,0.20839285714285713,4.0,196
2025,11,基隆市,0.06896551724137931,2.0,29
2025,11,宜蘭縣,0.020833333333333332,2.0,96
2025,11,屏東縣,0.5691608391608391,8.928,429
2025,11,彰化縣,0.4090909090909091,8.0,44
2025,11,新北市,0.1295774647887324,26.0,355
2025,11,新竹市,0.0,0.0,6
2025,11,新竹縣,0.5,2.0,4
2025,11,桃園市,0.35177777777777774,1.851,9
2025,11,澎湖縣,0.4827586206896552,8.0,58
2025,11,臺中市,0.9773600000000001,7.272,75
2025,11,臺北市,0.9158756218905473,9.0,201
2025,11,臺南市,0.08954828660436137,6.0,1284
2025,11,臺東縣,0.9808333333333333,19.607,84
2025,11,花蓮縣,2.8515,8.0,14
2025,11,苗栗縣,2.165833333333333,22.0,48
2025,11,金門縣,0.0,0.0,7
2025,11,雲林縣,0.14801470588235294,2.0,68
2025,11,高雄市,1.7211593406593406,16.0,364
2025,12,南投縣,0.9418604651162791,4.0,43
2025,12,嘉義市,0.14705882352941177,2.5,17
2025,12,嘉義縣,0.17124025974025972,5.263,154
2025,12,基隆市,0.06896551724137931,2.0,29
2025,12,宜蘭縣,0.07920792079207921,2.0,101
2025,12,屏東縣,0.6864873294346978,7.692,513
2025,12,彰化縣,0.6965675675675675,14.0,37
2025,12,新北市,0.0,0.0,249
2025,12,新竹市,0.5,2.0,4
2025,12,桃園市,3.2275,4.761,2
2025,12,澎湖縣,0.09090909090909091,2.0,44
2025,12,臺中市,0.7591730769230769,4.0,52
2025,12,臺北市,0.6,4.0,80
2025,12,臺南市,0.08601518438177874,4.0,922
2025,12,臺東縣,0.2633176470588235,7.547,85
2025,12,花蓮縣,0.0,0.0,3
2025,12,苗栗縣,2.0714285714285716,8.0,28
2025,12,金門縣,0.0,0.0,5
2025,12,雲林縣,0.17929268292682926,4.0,41
2025,12,高雄市,1.1507075208913649,26.47,359
2026,1,南投縣,0.6979824561403508,6.0,57
2026,1,嘉義市,0.0,0.0,7
2026,1,嘉義縣,0.6549541284403669,10.0,109
2026,1,基隆市,0.13793103448275862,4.0,29
2026,1,宜蘭縣,0.15625,2.0,96
2026,1,屏東縣,0.5102464646464646,6.0,495
2026,1,彰化縣,0.18181818181818182,2.0,33
2026,1,新北市,0.025547445255474453,5.0,274
2026,1,新竹市,1.1578947368421053,4.0,19
2026,1,新竹縣,0.0,0.0,1
2026,1,桃園市,0.0,0.0,5
2026,1,澎湖縣,0.0,0.0,45
2026,1,臺中市,0.6845909090909091,4.0,88
2026,1,臺北市,0.4444444444444444,7.0,72
2026,1,臺南市,0.052345528455284555,6.0,492
2026,1,臺東縣,0.3713294117647059,4.0,85
2026,1,花蓮縣,0.8,6.0,15
2026,1,苗栗縣,1.8709677419354838,8.0,31
2026,1,金門縣,0.0,0.0,6
2026,1,雲林縣,0.18705128205128205,2.061,39
2026,1,高雄市,0.3399952830188679,5.882,212
2026,2,南投縣,1.0055689655172413,6.0,58
2026,2,嘉義市,0.38273493975903616,5.0,83
2026,2,嘉義縣,0.39208,5.0,100
2026,2,基隆市,0.07142857142857142,2.0,28
2026,2,宜蘭縣,0.09375,2.0,96
2026,2,屏東縣,0.24888628762541806,5.769,299
2026,2,彰化縣,0.4375,8.0,32
2026,2,新北市,0.46636496350364964,110.169,274
2026,2,新竹市,0.36363636363636365,4.0,11
2026,2,新竹縣,0.0,0.0,61
2026,2,桃園市,3.2683684210526316,11.764,19
2026,2,澎湖縣,0.14634146341463414,2.0,41
2026,2,臺中市,0.5249402985074627,3.333,67
2026,2,臺北市,0.24242424242424243,4.0,66
2026,2,臺南市,0.05895899772209567,4.0,439
2026,2,臺東縣,0.47267088607594937,4.0,79
2026,2,花蓮縣,1.7073170731707317,14.0,41
2026,2,苗栗縣,2.1818,8.0,30
2026,2,金門縣,0.10526315789473684,1.0,19
2026,2,雲林縣,0.25875,3.333,36
2026,2,高雄市,0.737970588235294,6.0,102
2026,3,南投縣,1.1754310344827585,4.347,58
2026,3,嘉義市,1.1949612403100776,10.377,129
2026,3,嘉義縣,0.47409604519774007,7.547,177
2026,3,基隆市,0.8275862068965517,22.0,29
2026,3,宜蘭縣,0.17525773195876287,2.0,97
2026,3,屏東縣,0.45932183908045976,8.0,435
2026,3,彰化縣,0.46489473684210525,8.0,38
2026,3,新北市,0.0,0.0,260
2026,3,新竹市,0.6086956521739131,2.0,23
2026,3,新竹縣,0.0,0.0,66
2026,3,桃園市,3.5225125628140703,14.0,199
2026,3,澎湖縣,0.4090909090909091,4.0,44
2026,3,臺中市,1.043059523809524,4.411,84
2026,3,臺北市,0.014285714285714285,1.0,70
2026,3,臺南市,0.16501728395061727,22.0,810
2026,3,臺東縣,0.7234146341463414,20.0,82
2026,3,花蓮縣,1.9160408163265306,12.0,49
2026,3,苗栗縣,1.470076923076923,8.0,39
2026,3,金門縣,0.31163636363636366,2.0,11
2026,3,雲林縣,0.297,3.636,40
2026,3,高雄市,0.7840502793296089,8.0,179
2026,4,南投縣,1.2817192982456138,5.882,57
2026,4,嘉義市,1.9786076923076923,16.5,130
2026,4,嘉義縣,0.6680952380952381,8.62,189
2026,4,基隆市,0.2570344827586207,5.454,29
2026,4,宜蘭縣,0.1498679245283019,2.0,106
2026,4,屏東縣,0.4230238095238095,8.0,462
2026,4,彰化縣,0.9691111111111111,11.666,45
2026,4,新北市,0.2245077519379845,56.0,258
2026,4,新竹市,1.0,2.0,8
2026,4,新竹縣,0.21904285714285715,8.0,70
2026,4,桃園市,3.4875838926174496,9.09,149
2026,4,澎湖縣,1.4285714285714286,12.0,42
2026,4,臺中市,1.4891075268817204,8.0,93
2026,4,臺北市,0.956140350877193,6.0,114
2026,4,臺南市,0.1739820205479452,10.0,1168
2026,4,臺東縣,0.4520609756097561,5.263,82
2026,4,花蓮縣,2.570764705882353,6.0,17
2026,4,苗栗縣,1.9444444444444444,8.0,36
2026,4,金門縣,0.1111111111111111,1.0,9
2026,4,雲林縣,0.9247272727272727,10.294,44
2026,4,高雄市,1.3950933333333333,12.0,150
2026,5,南投縣,2.2,4.0,10
2026,5,嘉義市,1.9928271604938272,12.38,81
2026,5,嘉義縣,1.1017627118644069,10.0,59
2026,5,宜蘭縣,0.0,0.0,26
2026,5,屏東縣,0.6549021739130435,10.714,184
2026,5,彰化縣,1.5108888888888887,14.0,36
2026,5,新北市,0.1346153846153846,28.0,208
2026,5,新竹市,0.8571428571428571,2.0,7
2026,5,新竹縣,0.3333333333333333,2.0,6
2026,5,桃園市,3.5349067796610174,10.0,118
2026,5,澎湖縣,4.521739130434782,16.0,23
2026,5,臺中市,2.0798444444444444,10.0,45
2026,5,臺南市,0.31881802426343153,28.0,577
2026,5,臺東縣,0.75,6.0,24
2026,5,花蓮縣,0.4952,4.0,15
2026,5,苗栗縣,3.076923076923077,6.0,13
2026,5,金門縣,0.6785,2.0,8
2026,5,雲林縣,1.3242500000000001,14.285,16
2026,5,高雄市,3.4312777777777774,12.0,54
